arm	seed	method	status	fragment_endpoints	tp	fp	fn	f1	precision	recall	predicted_pairs	eligible_true_pairs	pair_endpoint_coverage	reason
baseline	20261101	orthohmm_high_sensitivity	complete	0	1838	23	0	0.9937821032711543	0.9876410531972059	1.0	1861	1838	0.8002481389578163	
baseline	20261101	orthohmm_high_sensitivity	complete	1	937	8	0	0.9957492029755579	0.9915343915343915	1.0	945	937	0.8486352357320099	
baseline	20261101	orthohmm_high_sensitivity	complete	2	109	1	0	0.9954337899543378	0.990909090909091	1.0	110	109	0.1600496277915633	
baseline	20261101	orthohmm_satellite_v2	complete	0	1837	0	1	0.9997278911564625	1.0	0.999455930359086	1837	1838	0.8002481389578163	
baseline	20261101	orthohmm_satellite_v2	complete	1	935	0	2	0.9989316239316239	1.0	0.9978655282817502	935	937	0.8461538461538461	
baseline	20261101	orthohmm_satellite_v2	complete	2	109	0	0	1.0	1.0	1.0	109	109	0.1600496277915633	
baseline	20261101	orthofinder_full	complete	0	1838	0	0	1.0	1.0	1.0	1838	1838	0.8002481389578163	
baseline	20261101	orthofinder_full	complete	1	937	0	0	1.0	1.0	1.0	937	937	0.8461538461538461	
baseline	20261101	orthofinder_full	complete	2	109	0	0	1.0	1.0	1.0	109	109	0.1600496277915633	
baseline	20261101	orthofinder_sequence_only	complete	0	1838	23	0	0.9937821032711543	0.9876410531972059	1.0	1861	1838	0.8002481389578163	
baseline	20261101	orthofinder_sequence_only	complete	1	937	8	0	0.9957492029755579	0.9915343915343915	1.0	945	937	0.8486352357320099	
baseline	20261101	orthofinder_sequence_only	complete	2	109	1	0	0.9954337899543378	0.990909090909091	1.0	110	109	0.1600496277915633	
fragment	20261101	orthohmm_high_sensitivity	complete	0	1838	23	0	0.9937821032711543	0.9876410531972059	1.0	1861	1838	0.8002481389578163	
fragment	20261101	orthohmm_high_sensitivity	complete	1	937	8	0	0.9957492029755579	0.9915343915343915	1.0	945	937	0.8486352357320099	
fragment	20261101	orthohmm_high_sensitivity	complete	2	109	1	0	0.9954337899543378	0.990909090909091	1.0	110	109	0.1600496277915633	
fragment	20261101	orthohmm_satellite_v2	complete	0	1837	0	1	0.9997278911564625	1.0	0.999455930359086	1837	1838	0.8002481389578163	
fragment	20261101	orthohmm_satellite_v2	complete	1	935	0	2	0.9989316239316239	1.0	0.9978655282817502	935	937	0.8461538461538461	
fragment	20261101	orthohmm_satellite_v2	complete	2	109	0	0	1.0	1.0	1.0	109	109	0.1600496277915633	
fragment	20261101	orthofinder_full	complete	0	1838	0	0	1.0	1.0	1.0	1838	1838	0.8002481389578163	
fragment	20261101	orthofinder_full	complete	1	937	0	0	1.0	1.0	1.0	937	937	0.8461538461538461	
fragment	20261101	orthofinder_full	complete	2	109	0	0	1.0	1.0	1.0	109	109	0.1600496277915633	
fragment	20261101	orthofinder_sequence_only	complete	0	1838	23	0	0.9937821032711543	0.9876410531972059	1.0	1861	1838	0.8002481389578163	
fragment	20261101	orthofinder_sequence_only	complete	1	937	8	0	0.9957492029755579	0.9915343915343915	1.0	945	937	0.8486352357320099	
fragment	20261101	orthofinder_sequence_only	complete	2	109	1	0	0.9954337899543378	0.990909090909091	1.0	110	109	0.1600496277915633	
baseline	20261102	orthohmm_high_sensitivity	complete	0	1839	164	0	0.9573138990109318	0.9181228157763355	1.0	2003	1839	0.8004866180048662	
baseline	20261102	orthohmm_high_sensitivity	complete	1	951	83	0	0.9581863979848867	0.9197292069632496	1.0	1034	951	0.8953771289537713	
baseline	20261102	orthohmm_high_sensitivity	complete	2	100	11	0	0.9478672985781991	0.9009009009009009	1.0	111	100	0.15450121654501217	
baseline	20261102	orthohmm_satellite_v2	complete	0	1838	0	1	0.9997280391623606	1.0	0.9994562262098967	1838	1839	0.8004866180048662	
baseline	20261102	orthohmm_satellite_v2	complete	1	951	0	0	1.0	1.0	1.0	951	951	0.8844282238442822	
baseline	20261102	orthohmm_satellite_v2	complete	2	100	0	0	1.0	1.0	1.0	100	100	0.15328467153284672	
baseline	20261102	orthofinder_full	complete	0	1839	0	0	1.0	1.0	1.0	1839	1839	0.8004866180048662	
baseline	20261102	orthofinder_full	complete	1	951	0	0	1.0	1.0	1.0	951	951	0.8844282238442822	
baseline	20261102	orthofinder_full	complete	2	100	0	0	1.0	1.0	1.0	100	100	0.15328467153284672	
baseline	20261102	orthofinder_sequence_only	complete	0	1839	164	0	0.9573138990109318	0.9181228157763355	1.0	2003	1839	0.8004866180048662	
baseline	20261102	orthofinder_sequence_only	complete	1	951	83	0	0.9581863979848867	0.9197292069632496	1.0	1034	951	0.8953771289537713	
baseline	20261102	orthofinder_sequence_only	complete	2	100	11	0	0.9478672985781991	0.9009009009009009	1.0	111	100	0.15450121654501217	
fragment	20261102	orthohmm_high_sensitivity	complete	0	1839	164	0	0.9573138990109318	0.9181228157763355	1.0	2003	1839	0.8004866180048662	
fragment	20261102	orthohmm_high_sensitivity	complete	1	951	83	0	0.9581863979848867	0.9197292069632496	1.0	1034	951	0.8953771289537713	
fragment	20261102	orthohmm_high_sensitivity	complete	2	100	11	0	0.9478672985781991	0.9009009009009009	1.0	111	100	0.15450121654501217	
fragment	20261102	orthohmm_satellite_v2	complete	0	1837	1	2	0.9991841174870819	0.999455930359086	0.9989124524197933	1838	1839	0.8004866180048662	
fragment	20261102	orthohmm_satellite_v2	complete	1	950	0	1	0.9994739610731194	1.0	0.9989484752891693	950	951	0.8844282238442822	
fragment	20261102	orthohmm_satellite_v2	complete	2	100	0	0	1.0	1.0	1.0	100	100	0.15328467153284672	
fragment	20261102	orthofinder_full	complete	0	1837	2	2	0.9989124524197933	0.9989124524197933	0.9989124524197933	1839	1839	0.8004866180048662	
fragment	20261102	orthofinder_full	complete	1	951	0	0	1.0	1.0	1.0	951	951	0.8844282238442822	
fragment	20261102	orthofinder_full	complete	2	100	0	0	1.0	1.0	1.0	100	100	0.15328467153284672	
fragment	20261102	orthofinder_sequence_only	complete	0	1839	164	0	0.9573138990109318	0.9181228157763355	1.0	2003	1839	0.8004866180048662	
fragment	20261102	orthofinder_sequence_only	complete	1	951	83	0	0.9581863979848867	0.9197292069632496	1.0	1034	951	0.8953771289537713	
fragment	20261102	orthofinder_sequence_only	complete	2	100	11	0	0.9478672985781991	0.9009009009009009	1.0	111	100	0.15450121654501217	
baseline	20261103	orthohmm_high_sensitivity	complete	0	1849	50	0	0.9866595517609391	0.9736703528172722	1.0	1899	1849	0.8007380073800738	
baseline	20261103	orthohmm_high_sensitivity	complete	1	889	9	0	0.9949636261891438	0.9899777282850779	1.0	898	889	0.7995079950799509	
baseline	20261103	orthohmm_high_sensitivity	complete	2	124	1	0	0.9959839357429718	0.992	1.0	125	124	0.15990159901599016	
baseline	20261103	orthohmm_satellite_v2	complete	0	1849	0	0	1.0	1.0	1.0	1849	1849	0.8007380073800738	
baseline	20261103	orthohmm_satellite_v2	complete	1	889	0	0	1.0	1.0	1.0	889	889	0.7896678966789668	
baseline	20261103	orthohmm_satellite_v2	complete	2	124	0	0	1.0	1.0	1.0	124	124	0.15990159901599016	
baseline	20261103	orthofinder_full	complete	0	1849	0	0	1.0	1.0	1.0	1849	1849	0.8007380073800738	
baseline	20261103	orthofinder_full	complete	1	889	0	0	1.0	1.0	1.0	889	889	0.7896678966789668	
baseline	20261103	orthofinder_full	complete	2	124	0	0	1.0	1.0	1.0	124	124	0.15990159901599016	
baseline	20261103	orthofinder_sequence_only	complete	0	1849	50	0	0.9866595517609391	0.9736703528172722	1.0	1899	1849	0.8007380073800738	
baseline	20261103	orthofinder_sequence_only	complete	1	889	9	0	0.9949636261891438	0.9899777282850779	1.0	898	889	0.7995079950799509	
baseline	20261103	orthofinder_sequence_only	complete	2	124	1	0	0.9959839357429718	0.992	1.0	125	124	0.15990159901599016	
fragment	20261103	orthohmm_high_sensitivity	complete	0	1849	50	0	0.9866595517609391	0.9736703528172722	1.0	1899	1849	0.8007380073800738	
fragment	20261103	orthohmm_high_sensitivity	complete	1	889	9	0	0.9949636261891438	0.9899777282850779	1.0	898	889	0.7995079950799509	
fragment	20261103	orthohmm_high_sensitivity	complete	2	124	1	0	0.9959839357429718	0.992	1.0	125	124	0.15990159901599016	
fragment	20261103	orthohmm_satellite_v2	complete	0	1849	0	0	1.0	1.0	1.0	1849	1849	0.8007380073800738	
fragment	20261103	orthohmm_satellite_v2	complete	1	889	0	0	1.0	1.0	1.0	889	889	0.7896678966789668	
fragment	20261103	orthohmm_satellite_v2	complete	2	124	0	0	1.0	1.0	1.0	124	124	0.15990159901599016	
fragment	20261103	orthofinder_full	complete	0	1849	0	0	1.0	1.0	1.0	1849	1849	0.8007380073800738	
fragment	20261103	orthofinder_full	complete	1	889	0	0	1.0	1.0	1.0	889	889	0.7896678966789668	
fragment	20261103	orthofinder_full	complete	2	124	0	0	1.0	1.0	1.0	124	124	0.15990159901599016	
fragment	20261103	orthofinder_sequence_only	complete	0	1849	50	0	0.9866595517609391	0.9736703528172722	1.0	1899	1849	0.8007380073800738	
fragment	20261103	orthofinder_sequence_only	complete	1	889	9	0	0.9949636261891438	0.9899777282850779	1.0	898	889	0.7995079950799509	
fragment	20261103	orthofinder_sequence_only	complete	2	124	1	0	0.9959839357429718	0.992	1.0	125	124	0.15990159901599016	
baseline	20261104	orthohmm_high_sensitivity	complete	0	1829	31	0	0.9915966386554622	0.9833333333333333	1.0	1860	1829	0.8002466091245376	
baseline	20261104	orthohmm_high_sensitivity	complete	1	927	11	0	0.9941018766756032	0.988272921108742	1.0	938	927	0.8631319358816276	
baseline	20261104	orthohmm_high_sensitivity	complete	2	105	3	0	0.9859154929577465	0.9722222222222222	1.0	108	105	0.14919852034525277	
baseline	20261104	orthohmm_satellite_v2	complete	0	1829	0	0	1.0	1.0	1.0	1829	1829	0.8002466091245376	
baseline	20261104	orthohmm_satellite_v2	complete	1	927	0	0	1.0	1.0	1.0	927	927	0.8594327990135635	
baseline	20261104	orthohmm_satellite_v2	complete	2	105	0	0	1.0	1.0	1.0	105	105	0.14919852034525277	
baseline	20261104	orthofinder_full	complete	0	1829	0	0	1.0	1.0	1.0	1829	1829	0.8002466091245376	
baseline	20261104	orthofinder_full	complete	1	927	0	0	1.0	1.0	1.0	927	927	0.8594327990135635	
baseline	20261104	orthofinder_full	complete	2	105	0	0	1.0	1.0	1.0	105	105	0.14919852034525277	
baseline	20261104	orthofinder_sequence_only	complete	0	1829	31	0	0.9915966386554622	0.9833333333333333	1.0	1860	1829	0.8002466091245376	
baseline	20261104	orthofinder_sequence_only	complete	1	927	11	0	0.9941018766756032	0.988272921108742	1.0	938	927	0.8631319358816276	
baseline	20261104	orthofinder_sequence_only	complete	2	105	3	0	0.9859154929577465	0.9722222222222222	1.0	108	105	0.14919852034525277	
fragment	20261104	orthohmm_high_sensitivity	complete	0	1829	31	0	0.9915966386554622	0.9833333333333333	1.0	1860	1829	0.8002466091245376	
fragment	20261104	orthohmm_high_sensitivity	complete	1	927	11	0	0.9941018766756032	0.988272921108742	1.0	938	927	0.8631319358816276	
fragment	20261104	orthohmm_high_sensitivity	complete	2	105	3	0	0.9859154929577465	0.9722222222222222	1.0	108	105	0.14919852034525277	
fragment	20261104	orthohmm_satellite_v2	complete	0	1829	0	0	1.0	1.0	1.0	1829	1829	0.8002466091245376	
fragment	20261104	orthohmm_satellite_v2	complete	1	924	0	3	0.9983792544570502	1.0	0.9967637540453075	924	927	0.8557336621454994	
fragment	20261104	orthohmm_satellite_v2	complete	2	105	0	0	1.0	1.0	1.0	105	105	0.14919852034525277	
fragment	20261104	orthofinder_full	complete	0	1829	0	0	1.0	1.0	1.0	1829	1829	0.8002466091245376	
fragment	20261104	orthofinder_full	complete	1	927	0	0	1.0	1.0	1.0	927	927	0.8594327990135635	
fragment	20261104	orthofinder_full	complete	2	105	0	0	1.0	1.0	1.0	105	105	0.14919852034525277	
fragment	20261104	orthofinder_sequence_only	complete	0	1829	31	0	0.9915966386554622	0.9833333333333333	1.0	1860	1829	0.8002466091245376	
fragment	20261104	orthofinder_sequence_only	complete	1	927	11	0	0.9941018766756032	0.988272921108742	1.0	938	927	0.8631319358816276	
fragment	20261104	orthofinder_sequence_only	complete	2	105	3	0	0.9859154929577465	0.9722222222222222	1.0	108	105	0.14919852034525277	
baseline	20261105	orthohmm_high_sensitivity	complete	0	1833	47	0	0.9873417721518988	0.975	1.0	1880	1833	0.8002481389578163	
baseline	20261105	orthohmm_high_sensitivity	complete	1	926	19	0	0.9898450026723677	0.9798941798941799	1.0	945	926	0.892059553349876	
baseline	20261105	orthohmm_high_sensitivity	complete	2	107	2	0	0.9907407407407407	0.981651376146789	1.0	109	107	0.14764267990074442	
baseline	20261105	orthohmm_satellite_v2	complete	0	1831	0	2	0.9994541484716157	1.0	0.9989088925259137	1831	1833	0.8002481389578163	
baseline	20261105	orthohmm_satellite_v2	complete	1	919	0	7	0.9962059620596206	1.0	0.9924406047516199	919	926	0.8895781637717122	
baseline	20261105	orthohmm_satellite_v2	complete	2	106	0	1	0.9953051643192489	1.0	0.9906542056074766	106	107	0.14392059553349876	
baseline	20261105	orthofinder_full	complete	0	1833	1	0	0.9997272975184074	0.9994547437295529	1.0	1834	1833	0.8002481389578163	
baseline	20261105	orthofinder_full	complete	1	926	1	0	0.9994603345925526	0.9989212513484358	1.0	927	926	0.892059553349876	
baseline	20261105	orthofinder_full	complete	2	107	0	0	1.0	1.0	1.0	107	107	0.14640198511166252	
baseline	20261105	orthofinder_sequence_only	complete	0	1833	47	0	0.9873417721518988	0.975	1.0	1880	1833	0.8002481389578163	
baseline	20261105	orthofinder_sequence_only	complete	1	926	19	0	0.9898450026723677	0.9798941798941799	1.0	945	926	0.892059553349876	
baseline	20261105	orthofinder_sequence_only	complete	2	107	2	0	0.9907407407407407	0.981651376146789	1.0	109	107	0.14764267990074442	
fragment	20261105	orthohmm_high_sensitivity	complete	0	1833	47	0	0.9873417721518988	0.975	1.0	1880	1833	0.8002481389578163	
fragment	20261105	orthohmm_high_sensitivity	complete	1	926	19	0	0.9898450026723677	0.9798941798941799	1.0	945	926	0.892059553349876	
fragment	20261105	orthohmm_high_sensitivity	complete	2	107	2	0	0.9907407407407407	0.981651376146789	1.0	109	107	0.14764267990074442	
fragment	20261105	orthohmm_satellite_v2	complete	0	1833	1	0	0.9997272975184074	0.9994547437295529	1.0	1834	1833	0.8002481389578163	
fragment	20261105	orthohmm_satellite_v2	complete	1	918	0	8	0.9956616052060737	1.0	0.9913606911447084	918	926	0.890818858560794	
fragment	20261105	orthohmm_satellite_v2	complete	2	105	0	2	0.9905660377358491	1.0	0.9813084112149533	105	107	0.141439205955335	
fragment	20261105	orthofinder_full	complete	0	1833	1	0	0.9997272975184074	0.9994547437295529	1.0	1834	1833	0.8002481389578163	
fragment	20261105	orthofinder_full	complete	1	926	1	0	0.9994603345925526	0.9989212513484358	1.0	927	926	0.892059553349876	
fragment	20261105	orthofinder_full	complete	2	107	0	0	1.0	1.0	1.0	107	107	0.14640198511166252	
fragment	20261105	orthofinder_sequence_only	complete	0	1833	47	0	0.9873417721518988	0.975	1.0	1880	1833	0.8002481389578163	
fragment	20261105	orthofinder_sequence_only	complete	1	926	19	0	0.9898450026723677	0.9798941798941799	1.0	945	926	0.892059553349876	
fragment	20261105	orthofinder_sequence_only	complete	2	107	2	0	0.9907407407407407	0.981651376146789	1.0	109	107	0.14764267990074442	
baseline	20261106	orthohmm_high_sensitivity	complete	0	1949	218	0	0.9470359572400389	0.8994000922934933	1.0	2167	1949	0.8004722550177096	
baseline	20261106	orthohmm_high_sensitivity	complete	1	955	99	0	0.9507217521154804	0.9060721062618596	1.0	1054	955	0.8252656434474617	
baseline	20261106	orthohmm_high_sensitivity	complete	2	128	7	0	0.973384030418251	0.9481481481481482	1.0	135	128	0.1617473435655254	
baseline	20261106	orthohmm_satellite_v2	complete	0	1924	0	25	0.9935450555125226	1.0	0.987172909184197	1924	1949	0.8004722550177096	
baseline	20261106	orthohmm_satellite_v2	complete	1	949	0	6	0.9968487394957983	1.0	0.993717277486911	949	955	0.820543093270366	
baseline	20261106	orthohmm_satellite_v2	complete	2	128	0	0	1.0	1.0	1.0	128	128	0.15820543093270367	
baseline	20261106	orthofinder_full	complete	0	1949	0	0	1.0	1.0	1.0	1949	1949	0.8004722550177096	
baseline	20261106	orthofinder_full	complete	1	955	0	0	1.0	1.0	1.0	955	955	0.8240850059031877	
baseline	20261106	orthofinder_full	complete	2	128	0	0	1.0	1.0	1.0	128	128	0.15820543093270367	
baseline	20261106	orthofinder_sequence_only	complete	0	1949	101	0	0.9747436859214804	0.9507317073170731	1.0	2050	1949	0.8004722550177096	
baseline	20261106	orthofinder_sequence_only	complete	1	955	46	0	0.976482617586912	0.954045954045954	1.0	1001	955	0.8252656434474617	
baseline	20261106	orthofinder_sequence_only	complete	2	128	2	0	0.9922480620155039	0.9846153846153847	1.0	130	128	0.15938606847697756	
fragment	20261106	orthohmm_high_sensitivity	complete	0	1949	218	0	0.9470359572400389	0.8994000922934933	1.0	2167	1949	0.8004722550177096	
fragment	20261106	orthohmm_high_sensitivity	complete	1	955	99	0	0.9507217521154804	0.9060721062618596	1.0	1054	955	0.8252656434474617	
fragment	20261106	orthohmm_high_sensitivity	complete	2	128	7	0	0.973384030418251	0.9481481481481482	1.0	135	128	0.1617473435655254	
fragment	20261106	orthohmm_satellite_v2	complete	0	1933	0	16	0.9958784131890778	1.0	0.9917906618778861	1933	1949	0.8004722550177096	
fragment	20261106	orthohmm_satellite_v2	complete	1	955	0	0	1.0	1.0	1.0	955	955	0.8240850059031877	
fragment	20261106	orthohmm_satellite_v2	complete	2	128	0	0	1.0	1.0	1.0	128	128	0.15820543093270367	
fragment	20261106	orthofinder_full	complete	0	1949	0	0	1.0	1.0	1.0	1949	1949	0.8004722550177096	
fragment	20261106	orthofinder_full	complete	1	955	0	0	1.0	1.0	1.0	955	955	0.8240850059031877	
fragment	20261106	orthofinder_full	complete	2	128	0	0	1.0	1.0	1.0	128	128	0.15820543093270367	
fragment	20261106	orthofinder_sequence_only	complete	0	1949	218	0	0.9470359572400389	0.8994000922934933	1.0	2167	1949	0.8004722550177096	
fragment	20261106	orthofinder_sequence_only	complete	1	955	99	0	0.9507217521154804	0.9060721062618596	1.0	1054	955	0.8252656434474617	
fragment	20261106	orthofinder_sequence_only	complete	2	128	7	0	0.973384030418251	0.9481481481481482	1.0	135	128	0.1617473435655254	
baseline	20261107	orthohmm_high_sensitivity	complete	0	1838	73	0	0.9805281408375567	0.9618001046572475	1.0	1911	1838	0.8009950248756219	
baseline	20261107	orthohmm_high_sensitivity	complete	1	871	24	0	0.986409966024915	0.9731843575418995	1.0	895	871	0.8345771144278606	
baseline	20261107	orthohmm_high_sensitivity	complete	2	117	1	0	0.9957446808510638	0.9915254237288136	1.0	118	117	0.1517412935323383	
baseline	20261107	orthohmm_satellite_v2	complete	0	1838	0	0	1.0	1.0	1.0	1838	1838	0.8009950248756219	
baseline	20261107	orthohmm_satellite_v2	complete	1	871	0	0	1.0	1.0	1.0	871	871	0.8171641791044776	
baseline	20261107	orthohmm_satellite_v2	complete	2	117	0	0	1.0	1.0	1.0	117	117	0.1517412935323383	
baseline	20261107	orthofinder_full	complete	0	1838	0	0	1.0	1.0	1.0	1838	1838	0.8009950248756219	
baseline	20261107	orthofinder_full	complete	1	871	0	0	1.0	1.0	1.0	871	871	0.8171641791044776	
baseline	20261107	orthofinder_full	complete	2	117	0	0	1.0	1.0	1.0	117	117	0.1517412935323383	
baseline	20261107	orthofinder_sequence_only	complete	0	1838	73	0	0.9805281408375567	0.9618001046572475	1.0	1911	1838	0.8009950248756219	
baseline	20261107	orthofinder_sequence_only	complete	1	871	24	0	0.986409966024915	0.9731843575418995	1.0	895	871	0.8345771144278606	
baseline	20261107	orthofinder_sequence_only	complete	2	117	1	0	0.9957446808510638	0.9915254237288136	1.0	118	117	0.1517412935323383	
fragment	20261107	orthohmm_high_sensitivity	complete	0	1838	73	0	0.9805281408375567	0.9618001046572475	1.0	1911	1838	0.8009950248756219	
fragment	20261107	orthohmm_high_sensitivity	complete	1	871	24	0	0.986409966024915	0.9731843575418995	1.0	895	871	0.8345771144278606	
fragment	20261107	orthohmm_high_sensitivity	complete	2	117	1	0	0.9957446808510638	0.9915254237288136	1.0	118	117	0.1517412935323383	
fragment	20261107	orthohmm_satellite_v2	complete	0	1838	0	0	1.0	1.0	1.0	1838	1838	0.8009950248756219	
fragment	20261107	orthohmm_satellite_v2	complete	1	871	0	0	1.0	1.0	1.0	871	871	0.8171641791044776	
fragment	20261107	orthohmm_satellite_v2	complete	2	117	0	0	1.0	1.0	1.0	117	117	0.1517412935323383	
fragment	20261107	orthofinder_full	complete	0	1838	0	0	1.0	1.0	1.0	1838	1838	0.8009950248756219	
fragment	20261107	orthofinder_full	complete	1	871	0	0	1.0	1.0	1.0	871	871	0.8171641791044776	
fragment	20261107	orthofinder_full	complete	2	117	0	0	1.0	1.0	1.0	117	117	0.1517412935323383	
fragment	20261107	orthofinder_sequence_only	complete	0	1838	73	0	0.9805281408375567	0.9618001046572475	1.0	1911	1838	0.8009950248756219	
fragment	20261107	orthofinder_sequence_only	complete	1	871	24	0	0.986409966024915	0.9731843575418995	1.0	895	871	0.8345771144278606	
fragment	20261107	orthofinder_sequence_only	complete	2	117	1	0	0.9957446808510638	0.9915254237288136	1.0	118	117	0.1517412935323383	
baseline	20261108	orthohmm_high_sensitivity	complete	0	1841	93	0	0.975364238410596	0.9519131334022751	1.0	1934	1841	0.8002450980392157	
baseline	20261108	orthohmm_high_sensitivity	complete	1	917	72	0	0.9622245540398741	0.9271991911021233	1.0	989	917	0.8651960784313726	
baseline	20261108	orthohmm_high_sensitivity	complete	2	116	14	0	0.943089430894309	0.8923076923076924	1.0	130	116	0.15073529411764705	
baseline	20261108	orthohmm_satellite_v2	complete	0	1841	0	0	1.0	1.0	1.0	1841	1841	0.8002450980392157	
baseline	20261108	orthohmm_satellite_v2	complete	1	917	0	0	1.0	1.0	1.0	917	917	0.8627450980392157	
baseline	20261108	orthohmm_satellite_v2	complete	2	116	0	0	1.0	1.0	1.0	116	116	0.14950980392156862	
baseline	20261108	orthofinder_full	complete	0	1840	0	1	0.9997283346916599	1.0	0.9994568169473113	1840	1841	0.7977941176470589	
baseline	20261108	orthofinder_full	complete	1	917	0	0	1.0	1.0	1.0	917	917	0.8627450980392157	
baseline	20261108	orthofinder_full	complete	2	116	0	0	1.0	1.0	1.0	116	116	0.14950980392156862	
baseline	20261108	orthofinder_sequence_only	complete	0	1841	93	0	0.975364238410596	0.9519131334022751	1.0	1934	1841	0.8002450980392157	
baseline	20261108	orthofinder_sequence_only	complete	1	917	72	0	0.9622245540398741	0.9271991911021233	1.0	989	917	0.8651960784313726	
baseline	20261108	orthofinder_sequence_only	complete	2	116	14	0	0.943089430894309	0.8923076923076924	1.0	130	116	0.15073529411764705	
fragment	20261108	orthohmm_high_sensitivity	complete	0	1841	93	0	0.975364238410596	0.9519131334022751	1.0	1934	1841	0.8002450980392157	
fragment	20261108	orthohmm_high_sensitivity	complete	1	917	72	0	0.9622245540398741	0.9271991911021233	1.0	989	917	0.8651960784313726	
fragment	20261108	orthohmm_high_sensitivity	complete	2	116	14	0	0.943089430894309	0.8923076923076924	1.0	130	116	0.15073529411764705	
fragment	20261108	orthohmm_satellite_v2	complete	0	1841	0	0	1.0	1.0	1.0	1841	1841	0.8002450980392157	
fragment	20261108	orthohmm_satellite_v2	complete	1	917	0	0	1.0	1.0	1.0	917	917	0.8627450980392157	
fragment	20261108	orthohmm_satellite_v2	complete	2	116	0	0	1.0	1.0	1.0	116	116	0.14950980392156862	
fragment	20261108	orthofinder_full	complete	0	1840	0	1	0.9997283346916599	1.0	0.9994568169473113	1840	1841	0.7977941176470589	
fragment	20261108	orthofinder_full	complete	1	917	0	0	1.0	1.0	1.0	917	917	0.8627450980392157	
fragment	20261108	orthofinder_full	complete	2	116	0	0	1.0	1.0	1.0	116	116	0.14950980392156862	
fragment	20261108	orthofinder_sequence_only	complete	0	1841	93	0	0.975364238410596	0.9519131334022751	1.0	1934	1841	0.8002450980392157	
fragment	20261108	orthofinder_sequence_only	complete	1	917	72	0	0.9622245540398741	0.9271991911021233	1.0	989	917	0.8651960784313726	
fragment	20261108	orthofinder_sequence_only	complete	2	116	14	0	0.943089430894309	0.8923076923076924	1.0	130	116	0.15073529411764705	
baseline	20261109	orthohmm_high_sensitivity	complete	0	1819	227	110	0.9152201257861635	0.8890518084066471	0.9429756350440642	2046	1929	0.7934272300469484	
baseline	20261109	orthohmm_high_sensitivity	complete	1	918	121	65	0.9080118694362018	0.8835418671799807	0.9338758901322483	1039	983	0.8568075117370892	
baseline	20261109	orthohmm_high_sensitivity	complete	2	107	5	7	0.9469026548672567	0.9553571428571429	0.9385964912280702	112	114	0.15023474178403756	
baseline	20261109	orthohmm_satellite_v2	complete	0	1831	10	98	0.9713527851458886	0.9945681694731124	0.9491964748574391	1841	1929	0.7934272300469484	
baseline	20261109	orthohmm_satellite_v2	complete	1	918	4	65	0.9637795275590552	0.9956616052060737	0.9338758901322483	922	983	0.8309859154929577	
baseline	20261109	orthohmm_satellite_v2	complete	2	107	0	7	0.9683257918552036	1.0	0.9385964912280702	107	114	0.14553990610328638	
baseline	20261109	orthofinder_full	complete	0	1929	6	0	0.9984472049689441	0.9968992248062015	1.0	1935	1929	0.8004694835680751	
baseline	20261109	orthofinder_full	complete	1	983	4	0	0.9979695431472081	0.9959473150962512	1.0	987	983	0.8744131455399061	
baseline	20261109	orthofinder_full	complete	2	114	0	0	1.0	1.0	1.0	114	114	0.14906103286384975	
baseline	20261109	orthofinder_sequence_only	complete	0	1929	180	0	0.9554234769687965	0.914651493598862	1.0	2109	1929	0.8004694835680751	
baseline	20261109	orthofinder_sequence_only	complete	1	983	83	0	0.9594924353343094	0.9221388367729831	1.0	1066	983	0.8955399061032864	
baseline	20261109	orthofinder_sequence_only	complete	2	114	4	0	0.9827586206896551	0.9661016949152542	1.0	118	114	0.15258215962441316	
fragment	20261109	orthohmm_high_sensitivity	complete	0	1816	227	113	0.9144008056394763	0.8888888888888888	0.9414204250907205	2043	1929	0.7922535211267606	
fragment	20261109	orthohmm_high_sensitivity	complete	1	883	121	100	0.8887770508303976	0.8794820717131474	0.8982706002034588	1004	983	0.846244131455399	
fragment	20261109	orthohmm_high_sensitivity	complete	2	95	5	19	0.8878504672897196	0.95	0.8333333333333334	100	114	0.14906103286384975	
fragment	20261109	orthohmm_satellite_v2	complete	0	1828	16	101	0.9689901934799894	0.9913232104121475	0.9476412649040954	1844	1929	0.7922535211267606	
fragment	20261109	orthohmm_satellite_v2	complete	1	882	5	101	0.9433155080213904	0.9943630214205186	0.8972533062054934	887	983	0.8204225352112676	
fragment	20261109	orthohmm_satellite_v2	complete	2	95	0	19	0.9090909090909091	1.0	0.8333333333333334	95	114	0.1431924882629108	
fragment	20261109	orthofinder_full	complete	0	1929	6	0	0.9984472049689441	0.9968992248062015	1.0	1935	1929	0.8004694835680751	
fragment	20261109	orthofinder_full	complete	1	983	4	0	0.9979695431472081	0.9959473150962512	1.0	987	983	0.8744131455399061	
fragment	20261109	orthofinder_full	complete	2	114	0	0	1.0	1.0	1.0	114	114	0.14906103286384975	
fragment	20261109	orthofinder_sequence_only	complete	0	1929	216	0	0.946980854197349	0.8993006993006993	1.0	2145	1929	0.8004694835680751	
fragment	20261109	orthofinder_sequence_only	complete	1	983	102	0	0.9506769825918762	0.9059907834101383	1.0	1085	983	0.8955399061032864	
fragment	20261109	orthofinder_sequence_only	complete	2	114	5	0	0.9785407725321889	0.957983193277311	1.0	119	114	0.15375586854460094	
baseline	20261110	orthohmm_high_sensitivity	complete	0	1903	91	6	0.9751473225723802	0.9543630892678034	0.9968569931901519	1994	1909	0.7982989064398542	
baseline	20261110	orthohmm_high_sensitivity	complete	1	878	75	1	0.9585152838427947	0.9213011542497377	0.9988623435722411	953	879	0.7776427703523694	
baseline	20261110	orthohmm_high_sensitivity	complete	2	142	9	0	0.9692832764505119	0.9403973509933775	1.0	151	142	0.16160388821385177	
baseline	20261110	orthohmm_satellite_v2	complete	0	1869	4	40	0.9883659439450027	0.99786438868126	0.9790466212676794	1873	1909	0.7982989064398542	
baseline	20261110	orthohmm_satellite_v2	complete	1	846	6	33	0.9774696707105719	0.9929577464788732	0.962457337883959	852	879	0.7545565006075334	
baseline	20261110	orthohmm_satellite_v2	complete	2	136	0	6	0.9784172661870504	1.0	0.9577464788732394	136	142	0.15552855407047386	
baseline	20261110	orthofinder_full	complete	0	1895	6	14	0.994750656167979	0.9968437664387164	0.9926663174436878	1901	1909	0.7995139732685298	
baseline	20261110	orthofinder_full	complete	1	878	0	1	0.9994308480364257	1.0	0.9988623435722411	878	879	0.7739975698663426	
baseline	20261110	orthofinder_full	complete	2	142	0	0	1.0	1.0	1.0	142	142	0.16038882138517618	
baseline	20261110	orthofinder_sequence_only	complete	0	1909	91	0	0.9767203888462522	0.9545	1.0	2000	1909	0.7995139732685298	
baseline	20261110	orthofinder_sequence_only	complete	1	879	75	0	0.9590834697217676	0.9213836477987422	1.0	954	879	0.778857837181045	
baseline	20261110	orthofinder_sequence_only	complete	2	142	9	0	0.9692832764505119	0.9403973509933775	1.0	151	142	0.16160388821385177	
fragment	20261110	orthohmm_high_sensitivity	complete	0	1903	91	6	0.9751473225723802	0.9543630892678034	0.9968569931901519	1994	1909	0.7982989064398542	
fragment	20261110	orthohmm_high_sensitivity	complete	1	871	75	8	0.9545205479452055	0.9207188160676533	0.9908987485779295	946	879	0.7679222357229648	
fragment	20261110	orthohmm_high_sensitivity	complete	2	142	9	0	0.9692832764505119	0.9403973509933775	1.0	151	142	0.16160388821385177	
fragment	20261110	orthohmm_satellite_v2	complete	0	1859	1	50	0.9864685592995489	0.9994623655913979	0.9738082765845992	1860	1909	0.7970838396111786	
fragment	20261110	orthohmm_satellite_v2	complete	1	834	6	45	0.9703315881326352	0.9928571428571429	0.9488054607508533	840	879	0.7424058323207776	
fragment	20261110	orthohmm_satellite_v2	complete	2	136	0	6	0.9784172661870504	1.0	0.9577464788732394	136	142	0.15552855407047386	
fragment	20261110	orthofinder_full	complete	0	1899	8	10	0.9952830188679245	0.9958049292081804	0.9947616553169198	1907	1909	0.7995139732685298	
fragment	20261110	orthofinder_full	complete	1	860	0	19	0.9890741805635422	1.0	0.9783845278725825	860	879	0.7630619684082625	
fragment	20261110	orthofinder_full	complete	2	142	0	0	1.0	1.0	1.0	142	142	0.16038882138517618	
fragment	20261110	orthofinder_sequence_only	complete	0	1909	91	0	0.9767203888462522	0.9545	1.0	2000	1909	0.7995139732685298	
fragment	20261110	orthofinder_sequence_only	complete	1	861	66	18	0.9534883720930233	0.9288025889967637	0.9795221843003413	927	879	0.7630619684082625	
fragment	20261110	orthofinder_sequence_only	complete	2	142	9	0	0.9692832764505119	0.9403973509933775	1.0	151	142	0.16160388821385177	
