stratum	method	families	f_score	precision	recall	status
composition:concentrated	orthofinder_3_1_5_full	1	58.14990788325415	46.575023299161224	77.38064516129032	descriptive
composition:concentrated	orthohmm_high_sensitivity	1	22.387909319899247	51.08045977011494	14.33548387096774	descriptive
composition:concentrated	orthohmm_phylogeny_satellite_v2	1	36.62214562688496	55.12321660181583	27.419354838709676	descriptive
composition:concentrated	orthofinder_3_1_5_sequence_only	1	58.14990788325415	46.575023299161224	77.38064516129032	descriptive
composition:concentrated	sonicparanoid_2_0_9	1	8.18955042527339	70.20833333333333	4.348387096774194	descriptive
composition:concentrated	proteinortho_6_3_6	1	5.061406773353183	65.59485530546624	2.632258064516129	descriptive
composition:concentrated	fastoma_0_3_5	1	5.0629754333458035	75.46468401486989	2.6193548387096777	descriptive
composition:concentrated	orthomcl_1_4	1	6.965052115266708	70.12345679012346	3.664516129032258	descriptive
composition:missing	orthofinder_3_1_5_full	0	NA	NA	NA	empty_nonestimable
composition:missing	orthohmm_high_sensitivity	0	NA	NA	NA	empty_nonestimable
composition:missing	orthohmm_phylogeny_satellite_v2	0	NA	NA	NA	empty_nonestimable
composition:missing	orthofinder_3_1_5_sequence_only	0	NA	NA	NA	empty_nonestimable
composition:missing	sonicparanoid_2_0_9	0	NA	NA	NA	empty_nonestimable
composition:missing	proteinortho_6_3_6	0	NA	NA	NA	empty_nonestimable
composition:missing	fastoma_0_3_5	0	NA	NA	NA	empty_nonestimable
composition:missing	orthomcl_1_4	0	NA	NA	NA	empty_nonestimable
composition:not_concentrated	orthofinder_3_1_5_full	69	73.98617923744408	67.98066690309969	81.15558309086327	descriptive
composition:not_concentrated	orthohmm_high_sensitivity	69	72.71604225094535	79.60657878374944	66.92333409163436	descriptive
composition:not_concentrated	orthohmm_phylogeny_satellite_v2	69	76.24642928468356	82.86914499249458	70.60392257025502	descriptive
composition:not_concentrated	orthofinder_3_1_5_sequence_only	69	58.74323090114345	45.64966376437073	82.36886533862828	descriptive
composition:not_concentrated	sonicparanoid_2_0_9	69	47.755647262017874	36.45758386046486	69.20066372922821	descriptive
composition:not_concentrated	proteinortho_6_3_6	69	47.28169418500514	97.33413921803661	31.224843344142922	descriptive
composition:not_concentrated	fastoma_0_3_5	69	32.46873668792588	93.84436254877959	19.630254637059835	descriptive
composition:not_concentrated	orthomcl_1_4	69	56.91666534929517	59.03425859743686	54.945730003710516	descriptive
copy_number:multi_copy	orthofinder_3_1_5_full	64	72.4676184040333	65.9514324866416	80.41260899073995	descriptive
copy_number:multi_copy	orthohmm_high_sensitivity	64	70.03829296904259	79.1275904369631	62.8220003287107	descriptive
copy_number:multi_copy	orthohmm_phylogeny_satellite_v2	64	73.54819802781972	81.18298136131808	67.2259880685726	descriptive
copy_number:multi_copy	orthofinder_3_1_5_sequence_only	64	58.1155435745769	45.13339860890586	81.58163979016513	descriptive
copy_number:multi_copy	sonicparanoid_2_0_9	64	46.01495163424442	35.94458603064801	63.92418246479625	descriptive
copy_number:multi_copy	proteinortho_6_3_6	64	42.86705403532486	96.77331312723038	27.531182773530354	descriptive
copy_number:multi_copy	fastoma_0_3_5	64	27.676216352621115	93.2425582056288	16.249726641378555	descriptive
copy_number:multi_copy	orthomcl_1_4	64	53.69826904136929	57.796662516897555	50.1426274483923	descriptive
copy_number:single_copy	orthofinder_3_1_5_full	6	80.62709966405376	69.21175501235925	96.55172413793103	descriptive
copy_number:single_copy	orthohmm_high_sensitivity	6	78.97789054005074	74.93122420907841	83.48659003831418	descriptive
copy_number:single_copy	orthohmm_phylogeny_satellite_v2	6	91.61129568106313	100.0	84.52107279693486	descriptive
copy_number:single_copy	orthofinder_3_1_5_sequence_only	6	80.62709966405376	69.21175501235925	96.55172413793103	descriptive
copy_number:single_copy	sonicparanoid_2_0_9	6	70.677324358435	55.739880557398806	96.55172413793103	descriptive
copy_number:single_copy	proteinortho_6_3_6	6	92.81314168377824	100.0	86.59003831417624	descriptive
copy_number:single_copy	fastoma_0_3_5	6	92.88537549407114	95.91836734693878	90.03831417624521	descriptive
copy_number:single_copy	orthomcl_1_4	6	94.73684210526315	92.9889298892989	96.55172413793103	descriptive
identity:higher_identity	orthofinder_3_1_5_full	29	80.75226315257873	72.54850716834372	91.04792596714093	descriptive
identity:higher_identity	orthohmm_high_sensitivity	29	80.60088261574346	76.12261930057626	85.63899023529817	descriptive
identity:higher_identity	orthohmm_phylogeny_satellite_v2	29	88.34471139520157	90.82012663801258	86.0006567833662	descriptive
identity:higher_identity	orthofinder_3_1_5_sequence_only	29	61.71321775564056	46.67500856536769	91.04792596714093	descriptive
identity:higher_identity	sonicparanoid_2_0_9	29	73.19618618205429	61.983277904091636	89.36195625621299	descriptive
identity:higher_identity	proteinortho_6_3_6	29	66.94111704592393	99.44606910308488	50.450772514311346	descriptive
identity:higher_identity	fastoma_0_3_5	29	48.202938028931655	97.33925373477278	32.03290510136583	descriptive
identity:higher_identity	orthomcl_1_4	29	63.54530096281052	54.7502266049844	75.70684585450259	descriptive
identity:lower_identity	orthofinder_3_1_5_full	29	69.23809522598074	62.59972490047927	77.45140814939435	descriptive
identity:lower_identity	orthohmm_high_sensitivity	29	64.95961397324301	85.1123192424733	52.52327093453324	descriptive
identity:lower_identity	orthohmm_phylogeny_satellite_v2	29	67.71590600016492	80.51884628015115	58.425870602411436	descriptive
identity:lower_identity	orthofinder_3_1_5_sequence_only	29	53.96545139584168	40.778969595152454	79.75560297615836	descriptive
identity:lower_identity	sonicparanoid_2_0_9	29	30.82365925680343	21.62672383773503	53.63041943773026	descriptive
identity:lower_identity	proteinortho_6_3_6	29	34.907270568487036	93.52797663836637	21.457999689021648	descriptive
identity:lower_identity	fastoma_0_3_5	29	23.77936074391535	90.23178033725786	13.694131610945776	descriptive
identity:lower_identity	orthomcl_1_4	29	56.446594016333684	77.39596903197528	44.42242675294711	descriptive
identity:missing	orthofinder_3_1_5_full	12	69.70752680154337	65.02171666469091	75.12115617248651	descriptive
identity:missing	orthohmm_high_sensitivity	12	65.10621766304396	73.4775903474678	58.44726448952369	descriptive
identity:missing	orthohmm_phylogeny_satellite_v2	12	67.68178175442804	71.30797860789754	64.40654101782118	descriptive
identity:missing	orthofinder_3_1_5_sequence_only	12	67.64636215542306	61.52448061092771	75.12115617248651	descriptive
identity:missing	sonicparanoid_2_0_9	12	70.65195005842901	91.08536355077862	57.706502234638755	descriptive
identity:missing	proteinortho_6_3_6	12	31.632080708796423	98.13486573988311	18.854800095205455	descriptive
identity:missing	fastoma_0_3_5	12	20.013120947690044	89.88930105239781	11.260038406518767	descriptive
identity:missing	orthomcl_1_4	12	37.87564673052232	40.81826026518857	35.32877366731025	descriptive
relative_length:missing	orthofinder_3_1_5_full	0	NA	NA	NA	empty_nonestimable
relative_length:missing	orthohmm_high_sensitivity	0	NA	NA	NA	empty_nonestimable
relative_length:missing	orthohmm_phylogeny_satellite_v2	0	NA	NA	NA	empty_nonestimable
relative_length:missing	orthofinder_3_1_5_sequence_only	0	NA	NA	NA	empty_nonestimable
relative_length:missing	sonicparanoid_2_0_9	0	NA	NA	NA	empty_nonestimable
relative_length:missing	proteinortho_6_3_6	0	NA	NA	NA	empty_nonestimable
relative_length:missing	fastoma_0_3_5	0	NA	NA	NA	empty_nonestimable
relative_length:missing	orthomcl_1_4	0	NA	NA	NA	empty_nonestimable
relative_length:not_short_relative	orthofinder_3_1_5_full	30	74.78338646258264	69.46538874613685	80.98313787962807	descriptive
relative_length:not_short_relative	orthohmm_high_sensitivity	30	72.44635863280622	80.09441823085801	66.13158291418641	descriptive
relative_length:not_short_relative	orthohmm_phylogeny_satellite_v2	30	78.55676124241747	88.1432435485644	70.85098907235934	descriptive
relative_length:not_short_relative	orthofinder_3_1_5_sequence_only	30	62.69871048646946	50.06095757629119	83.87195895581566	descriptive
relative_length:not_short_relative	sonicparanoid_2_0_9	30	30.104272712742038	19.303313878212478	68.34720759880774	descriptive
relative_length:not_short_relative	proteinortho_6_3_6	30	54.49742191868291	97.45469597878301	37.824621955250464	descriptive
relative_length:not_short_relative	fastoma_0_3_5	30	39.188838508931056	94.83616101445628	24.697188766958757	descriptive
relative_length:not_short_relative	orthomcl_1_4	30	67.56360293935998	94.08685715279314	52.70575564913761	descriptive
relative_length:short_relative	orthofinder_3_1_5_full	40	71.64241781760211	64.30881254266428	80.86392377452873	descriptive
relative_length:short_relative	orthohmm_high_sensitivity	40	69.17394180810301	78.28420190558165	61.96304322945391	descriptive
relative_length:short_relative	orthohmm_phylogeny_satellite_v2	40	71.67850518324369	78.38279039401121	66.03072449723128	descriptive
relative_length:short_relative	orthofinder_3_1_5_sequence_only	40	56.62626899642908	43.522666944818326	81.019132393172	descriptive
relative_length:short_relative	sonicparanoid_2_0_9	40	70.23438892331689	79.32192997918935	63.015050481379674	descriptive
relative_length:short_relative	proteinortho_6_3_6	40	39.23786137068404	96.71759912316263	24.611266467984944	descriptive
relative_length:short_relative	fastoma_0_3_5	40	25.90530962224274	92.55732390080856	15.060210417778622	descriptive
relative_length:short_relative	orthomcl_1_4	40	49.758262277913715	48.642455249904906	50.926462031702016	descriptive
size:large_gt_50	orthofinder_3_1_5_full	6	67.95247041441243	60.93519351236314	76.79630806716456	descriptive
size:large_gt_50	orthohmm_high_sensitivity	6	51.48301122578648	85.30739686680732	36.865742945194945	descriptive
size:large_gt_50	orthohmm_phylogeny_satellite_v2	6	56.3362018696961	75.11808345924833	45.06782842385041	descriptive
size:large_gt_50	orthofinder_3_1_5_sequence_only	6	51.11717032547053	38.30781050866336	76.79630806716456	descriptive
size:large_gt_50	sonicparanoid_2_0_9	6	46.0591604148016	68.53003452000941	34.68576194319808	descriptive
size:large_gt_50	proteinortho_6_3_6	6	15.054838496882619	89.91610969364304	8.215159765199392	descriptive
size:large_gt_50	fastoma_0_3_5	6	9.392696652072203	86.79014612330843	4.965012807291163	descriptive
size:large_gt_50	orthomcl_1_4	6	33.105587180811156	75.80329843682973	21.177141962740304	descriptive
size:medium_21_50	orthofinder_3_1_5_full	30	76.05688395643416	73.23291928221785	79.10737596728316	descriptive
size:medium_21_50	orthohmm_high_sensitivity	30	77.2889383003293	85.51595025941337	70.50595422713928	descriptive
size:medium_21_50	orthohmm_phylogeny_satellite_v2	30	77.37689149936224	81.84365432437659	73.37245919698682	descriptive
size:medium_21_50	orthofinder_3_1_5_sequence_only	30	62.06176224753447	50.259531117950395	81.10800997101674	descriptive
size:medium_21_50	sonicparanoid_2_0_9	30	38.187781772213604	26.163317120755874	70.6647902872023	descriptive
size:medium_21_50	proteinortho_6_3_6	30	36.86743716989553	96.53480571160554	22.784515652829636	descriptive
size:medium_21_50	fastoma_0_3_5	30	15.795727881948874	90.49094201652267	8.653087699230408	descriptive
size:medium_21_50	orthomcl_1_4	30	53.385540951927545	51.98101472178713	54.86807552111974	descriptive
size:small_2_20	orthofinder_3_1_5_full	34	71.1930032650439	59.31344236800845	89.02290863020951	descriptive
size:small_2_20	orthohmm_high_sensitivity	34	70.5300091087138	66.19229319603338	75.47611263523001	descriptive
size:small_2_20	orthohmm_phylogeny_satellite_v2	34	82.32538614603574	86.0868377985438	78.8788769063571	descriptive
size:small_2_20	orthofinder_3_1_5_sequence_only	34	60.189645603893496	45.35614859116286	89.4408044020876	descriptive
size:small_2_20	sonicparanoid_2_0_9	34	80.29594791479728	77.3065133956684	83.52588485622952	descriptive
size:small_2_20	proteinortho_6_3_6	34	78.46741835112671	98.46973364950253	65.2193142080194	descriptive
size:small_2_20	fastoma_0_3_5	34	68.79092776656776	95.50078688107021	53.75626385465696	descriptive
size:small_2_20	orthomcl_1_4	34	72.47493817629731	69.60029303936581	75.5972717186038	descriptive
