method	reference	metric	difference_pp	nominal_low_pp	nominal_high_pp	adjusted_low_pp	adjusted_high_pp
orthohmm_high_sensitivity	orthofinder_3_1_5_full	f_score	-2.3774823492692434	-8.101899711384414	3.4532178568022673	-11.044995833998588	6.745593853288459
orthohmm_high_sensitivity	orthofinder_3_1_5_full	precision	12.88444095618307	4.336023623271888	20.2752977569114	-0.8952356828900229	24.22172378204625
orthohmm_high_sensitivity	orthofinder_3_1_5_full	recall	-17.4520980949475	-26.888573697900636	-8.224147107529319	-32.10278490086316	-3.8449743555998817
orthohmm_phylogeny_satellite_v2	orthofinder_3_1_5_full	f_score	1.369593514512374	-4.481735179787202	8.050733857886547	-7.28057874560009	12.165501706653641
orthohmm_phylogeny_satellite_v2	orthofinder_3_1_5_full	precision	15.70535080574075	5.994391795657832	25.18577003739603	1.1752742787173824	30.63417762708368
orthohmm_phylogeny_satellite_v2	orthofinder_3_1_5_full	recall	-13.151240322849176	-21.994922976825947	-4.625008431363682	-26.946572966022593	-0.6091867318861452
orthofinder_3_1_5_sequence_only	orthofinder_3_1_5_full	f_score	-14.03051682039699	-21.99809027598241	-5.4926176370013575	-26.656609334257137	-1.8587836254795707
orthofinder_3_1_5_sequence_only	orthofinder_3_1_5_full	precision	-20.358940253466834	-30.871165127729512	-8.773108794944214	-37.53664767099331	-3.1537638379604505
orthofinder_3_1_5_sequence_only	orthofinder_3_1_5_full	recall	1.1332504372264225	0.0	3.5660213644298477	0.0	5.545907181627142
sonicparanoid_2_0_9	orthofinder_3_1_5_full	f_score	-25.978870883791302	-45.10118551250049	-0.02811561165804719	-52.28598706763407	5.450546336130398
sonicparanoid_2_0_9	orthofinder_3_1_5_full	precision	-29.529923427893728	-51.551186666797086	15.826229576971064	-60.590843721045665	25.35784400150305
sonicparanoid_2_0_9	orthofinder_3_1_5_full	recall	-15.98376756103356	-26.680891881229904	-5.93512304106114	-32.65280186604416	-2.245826304490609
proteinortho_6_3_6	orthofinder_3_1_5_full	f_score	-27.679133330080333	-35.61029873723441	-18.554718988958093	-39.68781783519316	-12.857164223997001
proteinortho_6_3_6	orthofinder_3_1_5_full	precision	30.991104738673215	19.850734878067975	40.16175809105691	13.703993544968343	44.843155948770566
proteinortho_6_3_6	orthofinder_3_1_5_full	recall	-51.567787724956105	-59.06517104409745	-43.053512740656245	-62.477242491119	-38.2950481257428
fastoma_0_3_5	orthofinder_3_1_5_full	f_score	-41.82953783182653	-50.522879787000406	-32.07861598715404	-54.98853443999819	-25.917524185480357
fastoma_0_3_5	orthofinder_3_1_5_full	precision	27.566373196942337	16.283782706037627	36.861769552571296	10.201877903820789	41.76035675643575
fastoma_0_3_5	orthofinder_3_1_5_full	recall	-62.39841300979138	-70.00208212721674	-53.66687482490354	-73.63463835753146	-48.38337134061983
orthomcl_1_4	orthofinder_3_1_5_full	f_score	-17.671137712070944	-27.572993692587275	-6.98039268107503	-32.75399126196739	-1.0404577801513053
orthomcl_1_4	orthofinder_3_1_5_full	precision	-6.98704766335247	-24.705995760984298	15.07570678598951	-34.018809060996134	25.710605933688754
orthomcl_1_4	orthofinder_3_1_5_full	recall	-29.34351245028636	-38.935788034775854	-19.467790829743308	-43.93761268489415	-14.780974566578049
