index	method	proteomes	repeat	job_id	status	comparative_timing_eligible	wall_seconds	cpu_seconds	peak_memory_bytes	preflight_foreign_average_cores	whole_run_maximum_foreign_average_cores
0	orthohmm_high_sensitivity	4	0	22396	reviewed_excluded_attempt	False	369.748703027	9315.218632	3382607872	56.00247883491069	54.14074366759688
1	orthohmm_satellite_v2	4	0	22397	reviewed_shared_observation	True	797.657552818	17154.043256	3380301824	53.24947790450629	53.89881178641306
2	orthofinder_3_1_5_full	4	0	22398	reviewed_shared_observation	True	441.2889663	4602.758499	7438495744	57.39565673776895	55.380644918606684
3	orthohmm_satellite_v2	8	0	22399	reviewed_shared_observation	True	1999.550829241	56008.34709	8243466240	54.984429027159464	55.75292737783375
4	orthofinder_3_1_5_full	8	0	22400	reviewed_shared_observation	True	1139.939834238	17734.408768	10987712512	52.12885978461151	53.623993782105
5	orthohmm_high_sensitivity	8	0	22401	reviewed_shared_observation	True	1238.935206005	34395.748088	8293474304	52.02020089832915	52.980809254356686
6	orthofinder_3_1_5_full	12	0	22402	reviewed_shared_observation	True	1896.732060134	39246.594856	11897724928	52.745202765156385	60.815299033584225
7	orthohmm_high_sensitivity	12	0	22403	reviewed_shared_observation	True	3027.060520509	86415.319181	11309355008	58.819447196255695	60.35316424514852
8	orthohmm_satellite_v2	12	0	22404	reviewed_shared_observation	True	4809.292429717	136293.332246	11285721088	59.99506007784335	61.1453857479534
9	orthohmm_satellite_v2	4	1	22405	reviewed_shared_observation	True	986.109450535	20678.338812	3491352576	62.20918865271648	61.3543514535785
10	orthofinder_3_1_5_full	4	1	22406	reviewed_shared_observation	True	474.299930051	5008.896961	7268642816	53.026671609908135	53.97754424957365
11	orthohmm_high_sensitivity	4	1	22407	reviewed_shared_observation	True	377.661928371	9377.291271	3387318272	54.49963490950133	54.55057744551471
12	orthofinder_3_1_5_full	8	1	22408	reviewed_shared_observation	True	1179.970330278	18787.311821	10967740416	54.29860481286806	55.0811204186784
13	orthohmm_high_sensitivity	8	1	22409	reviewed_shared_observation	True	1303.633011611	36610.569612	8284278784	53.0506094481834	54.16739068807631
14	orthohmm_satellite_v2	8	1	22410	reviewed_shared_observation	True	2086.947282256	58240.723374	8269803520	53.99052887381435	54.80759732128074
15	orthohmm_high_sensitivity	12	1	22411	reviewed_shared_observation	True	2720.077391309	78335.830623	11521089536	54.088758024190476	54.003228514276124
16	orthohmm_satellite_v2	12	1	22412	reviewed_shared_observation	True	4042.426197872	116000.996415	11384778752	53.29699614044061	54.767255918826756
17	orthofinder_3_1_5_full	12	1	22413	reviewed_pre_native_abort	False				42.05447142355838	
18	orthofinder_3_1_5_full	4	2	22414	reviewed_shared_observation	True	420.740000613	4455.373716	7274196992	41.269429449834206	42.775953797936005
19	orthohmm_high_sensitivity	4	2		not_yet_reviewed						
20	orthohmm_satellite_v2	4	2		not_yet_reviewed						
21	orthohmm_high_sensitivity	8	2		not_yet_reviewed						
22	orthohmm_satellite_v2	8	2		not_yet_reviewed						
23	orthofinder_3_1_5_full	8	2		not_yet_reviewed						
24	orthohmm_satellite_v2	12	2		not_yet_reviewed						
25	orthofinder_3_1_5_full	12	2		not_yet_reviewed						
26	orthohmm_high_sensitivity	12	2		not_yet_reviewed						
