suite	stratum	families	status	F1	PPV	TPR
sequence	all	18	descriptive	-0.0032021523014126307	-0.00010056004208058855	-0.00462962962962965
sequence	concentrated	0	empty_bin	NA	NA	NA
sequence	explicit_fragment	0	empty_bin	NA	NA	NA
sequence	higher_entropy	9	descriptive	-0.007627551011769262	-0.005291005291005346	-0.0092592592592593
sequence	lower_entropy	9	descriptive	0.0013285116240490114	0.00508988520684428	0.0
sequence	missing	0	empty_bin	NA	NA	NA
sequence	missing_entropy	0	empty_bin	NA	NA	NA
sequence	no_explicit_fragment	18	descriptive	-0.0032021523014126307	-0.00010056004208058855	-0.00462962962962965
sequence	not_concentrated	18	descriptive	-0.0032021523014126307	-0.00010056004208058855	-0.00462962962962965
sequence	not_short_relative	11	descriptive	-0.004991532203893145	-0.0001645527961317006	-0.007575757575757458
sequence	short_relative	7	descriptive	0.0	0.0	0.0
domain	all	18	descriptive	-0.0032021523014126307	-0.00010056004208058855	-0.00462962962962965
domain	median_pfam_types_at_least_two	6	descriptive	0.0	0.0	0.0
domain	median_pfam_types_below_two	12	descriptive	-0.004957757350356529	-0.0001508400631207163	-0.006944444444444309
domain	repeated_type_fraction_at_least_quarter	3	descriptive	0.0	0.0	0.0
domain	repeated_type_fraction_below_quarter	15	descriptive	-0.0037791045683824853	-0.00012067205049659524	-0.005555555555555536
duplication	all	18	descriptive	-0.0032021523014126307	-0.00010056004208058855	-0.00462962962962965
duplication	lower_duplication_fraction	9	descriptive	0.0	0.0	0.0
duplication	missing_duplication_fraction	0	empty_bin	NA	NA	NA
duplication	upper_duplication_fraction	9	descriptive	-0.006797483049073683	-0.00020112008416106608	-0.00925925925925919
model_distance	all	18	descriptive	-0.0032021523014126307	-0.00010056004208058855	-0.00462962962962965
model_distance	higher_than_median	9	descriptive	0.0016046536677193357	0.00508988520684428	0.0
model_distance	lower_or_equal_median	9	descriptive	-0.007942776127009887	-0.005291005291005235	-0.00925925925925919
