metric	method	reference	method_pairs	reference_pairs	shared_pairs	method_shared_fraction	reference_shared_fraction	method_mean	reference_mean	difference_points	shared_denominator_points	method_only_points	negative_reference_only_points	shared_mean	method_only_mean	reference_only_mean
GO	orthohmm_high_sensitivity	orthofinder_3_1_5_full	145619	163557	78352	0.5380616540423984	0.4790501170845638	0.47227110242482095	0.4695479733059423	0.2723129118878666	2.902998815274402	20.757839575192797	-23.388525478579332	0.49193750322901775	0.44936385465384215	0.4489592232498093
GO	orthohmm_phylogeny_satellite_v2	orthofinder_3_1_5_full	84211	163557	75894	0.9012361805464845	0.4640217171995084	0.4903492750472029	0.4695479733059423	2.080130174126059	21.571331932002828	4.569644606999086	-24.060846364875854	0.4933810232824729	0.4626840711795118	0.4489145761495728
GO	orthofinder_3_1_5_sequence_only	orthofinder_3_1_5_full	1979084	163557	163557	0.08264277817414521	1.0	0.407043106519986	0.4695479733059423	-6.2504866785956255	-43.07432243058998	36.82383575199436	0.0	0.4695479733059423	0.40141217484179526	
GO	sonicparanoid_2_0_9	orthofinder_3_1_5_full	197930	163557	117121	0.5917293992825746	0.716086746516505	0.45438453077350577	0.4695479733059423	-1.5163442532436486	-5.995204066316732	16.91148157429394	-12.432621761220858	0.48209488218167534	0.41422236978554366	0.43790212709966403
GO	proteinortho_6_3_6	orthofinder_3_1_5_full	89609	163557	78256	0.8733051367608164	0.47846316574649816	0.48633639566338205	0.4695479733059423	1.6788422357439756	19.360430718497412	5.812549516231629	-23.494137998985064	0.49033365598803924	0.45878336087377786	0.45047897781972074
GO	fastoma_0_3_5	orthofinder_3_1_5_full	171132	163557	85874	0.5017997802865625	0.525040200052581	0.4368935158766332	0.4695479733059423	-3.2654457429309027	-1.1274145840378365	19.34657308977865	-21.484604248671715	0.48510938932622216	0.38832927654882826	0.4523457406511077
GO	orthomcl_1_4	orthofinder_3_1_5_full	175181	163557	112773	0.6437513200632489	0.6895027421632826	0.46375472461625405	0.4695479733059423	-0.5793248689688225	-2.202827124396794	15.380307631535384	-13.756805376107412	0.4814773013132576	0.43172953326496605	0.44305722607514175
EC	orthohmm_high_sensitivity	orthofinder_3_1_5_full	185664	175361	120158	0.64717985177525	0.6852036655812866	0.9320376948681489	0.9361302139643364	-0.4092519096187512	-3.680772029420505	30.55562197141072	-27.284101851608966	0.9680175818755306	0.8660395990748939	0.8667223492926109
EC	orthohmm_phylogeny_satellite_v2	orthofinder_3_1_5_full	117460	175361	101712	0.8659288268346671	0.580014940608231	0.9656505026306827	0.9361302139643364	2.952028866634636	27.77281470983193	12.451329250808786	-37.27211509400608	0.9713699140809344	0.9287103973837948	0.8874628813697403
EC	orthofinder_3_1_5_sequence_only	orthofinder_3_1_5_full	1660940	175361	175361	0.10557937071778631	1.0	0.7536415991336232	0.9361302139643364	-18.24886148307133	-83.72941750640751	65.48055602333618	0.0	0.9361302139643364	0.7321002432142619	
EC	sonicparanoid_2_0_9	orthofinder_3_1_5_full	244356	175361	148102	0.6060911129663278	0.8445549466529045	0.8727609768616281	0.9361302139643364	-6.336923710270831	-22.795006969553	29.33921505426509	-12.88113179498292	0.9559104463410353	0.7448223693353003	0.8286614155691698
EC	proteinortho_6_3_6	orthofinder_3_1_5_full	143135	175361	114844	0.8023474342404024	0.6549004624745525	0.9631681175463723	0.9361302139643364	2.703790358203588	14.350282615827506	18.2283145848325	-29.87480684245642	0.9732504129427746	0.9222402206001908	0.8656866670026604
EC	fastoma_0_3_5	orthofinder_3_1_5_full	178598	175361	111745	0.6256788989798318	0.6372283460974789	0.8971675265344516	0.9361302139643364	-3.8962687429884753	-1.1205971198337683	29.00960667532671	-31.78527829848142	0.9702604015750146	0.7749925557566602	0.876178663810991
EC	orthomcl_1_4	orthofinder_3_1_5_full	220622	175361	145863	0.6611444008303795	0.8317869993898301	0.9213259949370416	0.9361302139643364	-1.480421902729479	-16.404661056598385	28.573734962515072	-13.649495808646165	0.9613461817321733	0.8432422256718255	0.8114411941487558
