candidate	reference	metric	status	difference_pp	nominal_low_pp	nominal_high_pp	adjusted_low_pp	adjusted_high_pp	family_wins	family_ties	family_losses	reason
cpm_low	control	F1	estimated	-4.24994852442283	-13.341127523970947	0.4599549848807554	-21.93948360278099	0.7887177246562391	3	13	2	
cpm_low	control	PPV	estimated	-2.7466201740282803	-8.360488967501178	0.23411773411772252	-13.72466408620392	0.451222493875413	2	13	3	
cpm_low	control	TPR	estimated	-4.991368475397174	-15.567644921672974	0.7752318541098258	-25.30531122701305	1.2659605682861508	2	14	2	
cpm_high	control	F1	estimated	-0.09830579916525473	-0.6917180791427985	0.4716686278488997	-1.050446967786066	0.7475253948726901	1	15	2	
cpm_high	control	PPV	estimated	-0.05672114900401315	-0.16832829186115283	0.003951881886155029	-0.2645502645502673	0.007903763772310057	1	15	2	
cpm_high	control	TPR	estimated	-0.12067593617981487	-1.0148148148148017	0.7416758951642621	-1.5012345679012329	1.1074197120708784	1	15	2	
norm_low	control	F1	estimated	0.0	0.0	0.0	0.0	0.0	0	18	0	
norm_low	control	PPV	estimated	0.0	0.0	0.0	0.0	0.0	0	18	0	
norm_low	control	TPR	estimated	0.0	0.0	0.0	0.0	0.0	0	18	0	
norm_high	control	F1	estimated	0.0	0.0	0.0	0.0	0.0	0	18	0	
norm_high	control	PPV	estimated	0.0	0.0	0.0	0.0	0.0	0	18	0	
norm_high	control	TPR	estimated	0.0	0.0	0.0	0.0	0.0	0	18	0	
margin_low	control	F1	estimated	-0.5122497278877258	-2.604284208452212	0.9357795483423008	-4.117303925018491	1.3522789821368848	1	16	1	
margin_low	control	PPV	estimated	0.051221434200166005	-0.3324468085106336	0.4861111111111094	-0.44326241134753364	0.6993695823483193	1	16	1	
margin_low	control	TPR	estimated	-0.832258460782509	-3.731343283582089	1.2345679012345623	-5.807382838891972	1.6460905349794386	1	16	1	
margin_high	control	F1	estimated	0.2134309759806552	-0.6092147982224491	1.2652239728827464	-0.9284770528660964	1.9570554693458353	1	16	1	
margin_high	control	PPV	estimated	0.0851934862094672	-0.005857449868307274	0.2614379084967311	-0.007809933157754134	0.4337773642051235	1	16	1	
margin_high	control	TPR	estimated	0.28509609265622293	-0.996563573883158	1.851851851851849	-1.3287514318442217	2.754231895125381	1	16	1	
