cell	family	TP	FP	FN	TN	F1	PPV	TPR
p0_c0_r0	APP	190	148	0	13	0.7164179104477612	0.5614035087719298	0.9896907216494846
p0_c0_r0	ASTER	124	0	372	0	0.40127388535031844	0.984375	0.252
p0_c0_r0	BAMBI	53	1	36	1	0.728476821192053	0.9482758620689655	0.5913978494623656
p0_c0_r0	BAR	376	116	222	664	0.6885245901639344	0.7620967741935484	0.627906976744186
p0_c0_r0	CASP	45	28	5	1875	0.7175572519083969	0.6103896103896104	0.8703703703703703
p0_c0_r0	CITE	119	84	34	141	0.6648351648351649	0.5845410628019324	0.7707006369426752
p0_c0_r0	Clusterin	63	65	0	8	0.6532663316582914	0.49242424242424243	0.9701492537313433
p0_c0_r0	GH14	4	11	4	86	0.3870967741935484	0.3157894736842105	0.5
p0_c0_r0	HOX	54	122	98	1266	0.3333333333333333	0.3111111111111111	0.358974358974359
p0_c0_r0	MAPT	18	13	12	35	0.5797101449275363	0.5714285714285714	0.5882352941176471
p0_c0_r0	NOX	376	563	105	181	0.5294117647058824	0.40084835630965004	0.7793814432989691
p0_c0_r0	POP	166	101	21	273	0.7272727272727273	0.6199261992619927	0.8795811518324608
p0_c0_r0	PSEN	398	58	127	12	0.8088978766430739	0.8695652173913043	0.7561436672967864
p0_c0_r0	RPS	52	0	11	3	0.8780487804878049	0.9642857142857143	0.8059701492537313
p0_c0_r0	SERC	621	130	108	44	0.8373655913978495	0.8251655629139073	0.849931787175989
p0_c0_r0	SUMF	31	32	0	3	0.6470588235294117	0.4925373134328358	0.9428571428571428
p0_c0_r0	TRFE	103	224	11	127	0.46770601336302897	0.31722054380664655	0.8898305084745762
p0_c0_r0	VATB	330	12	27	9	0.9391796322489391	0.9595375722543352	0.9196675900277008
p0_c0_r1	APP	190	0	0	161	0.9896907216494846	0.9896907216494846	0.9896907216494846
p0_c0_r1	ASTER	124	0	372	0	0.40127388535031844	0.984375	0.252
p0_c0_r1	BAMBI	53	0	36	2	0.7333333333333334	0.9649122807017544	0.5913978494623656
p0_c0_r1	BAR	375	0	223	780	0.7686034658511723	0.9947229551451188	0.6262458471760798
p0_c0_r1	CASP	45	8	5	1895	0.8468468468468469	0.8245614035087719	0.8703703703703703
p0_c0_r1	CITE	97	0	56	225	0.7674418604651161	0.9801980198019802	0.6305732484076433
p0_c0_r1	Clusterin	63	0	0	73	0.9701492537313433	0.9701492537313433	0.9701492537313433
p0_c0_r1	GH14	3	0	5	97	0.5263157894736842	0.7142857142857143	0.4166666666666667
p0_c0_r1	HOX	54	0	98	1388	0.5233644859813085	0.9655172413793104	0.358974358974359
p0_c0_r1	MAPT	18	0	12	48	0.7142857142857143	0.9090909090909091	0.5882352941176471
p0_c0_r1	NOX	375	11	106	733	0.8617142857142858	0.9666666666666667	0.777319587628866
p0_c0_r1	POP	166	0	21	374	0.9307479224376732	0.9882352941176471	0.8795811518324608
p0_c0_r1	PSEN	187	0	338	70	0.525	0.9895287958115183	0.3572778827977316
p0_c0_r1	RPS	24	0	39	3	0.5473684210526316	0.9285714285714286	0.3880597014925373
p0_c0_r1	SERC	577	0	152	174	0.8812785388127854	0.9965576592082617	0.7899045020463847
p0_c0_r1	SUMF	31	0	0	35	0.9428571428571428	0.9428571428571428	0.9428571428571428
p0_c0_r1	TRFE	103	0	11	351	0.9333333333333332	0.9813084112149533	0.8898305084745762
p0_c0_r1	VATB	304	0	53	21	0.9147982062780269	0.9935064935064936	0.8476454293628809
p0_c1_r0	APP	190	148	0	13	0.7164179104477612	0.5614035087719298	0.9896907216494846
p0_c1_r0	ASTER	124	0	372	0	0.40127388535031844	0.984375	0.252
p0_c1_r0	BAMBI	53	1	36	1	0.728476821192053	0.9482758620689655	0.5913978494623656
p0_c1_r0	BAR	398	116	200	664	0.7142857142857142	0.7722007722007722	0.6644518272425249
p0_c1_r0	CASP	49	87	1	1816	0.5257731958762887	0.36428571428571427	0.9444444444444444
p0_c1_r0	CITE	126	206	27	19	0.5192697768762677	0.38095238095238093	0.8152866242038217
p0_c1_r0	Clusterin	63	65	0	8	0.6532663316582914	0.49242424242424243	0.9701492537313433
p0_c1_r0	GH14	5	35	3	62	0.25	0.1590909090909091	0.5833333333333334
p0_c1_r0	HOX	54	130	98	1258	0.3255813953488372	0.2978723404255319	0.358974358974359
p0_c1_r0	MAPT	18	13	12	35	0.5797101449275363	0.5714285714285714	0.5882352941176471
p0_c1_r0	NOX	433	689	48	55	0.5400372439478586	0.38632326820603907	0.8969072164948454
p0_c1_r0	POP	166	101	21	273	0.7272727272727273	0.6199261992619927	0.8795811518324608
p0_c1_r0	PSEN	429	58	96	12	0.8450980392156863	0.8778004073319755	0.8147448015122873
p0_c1_r0	RPS	62	0	1	3	0.9624060150375939	0.9696969696969697	0.9552238805970149
p0_c1_r0	SERC	729	136	0	38	0.9126092384519351	0.8411967779056386	0.9972714870395635
p0_c1_r0	SUMF	31	32	0	3	0.6470588235294117	0.4925373134328358	0.9428571428571428
p0_c1_r0	TRFE	112	295	2	56	0.43100189035916825	0.2773722627737226	0.9661016949152542
p0_c1_r0	VATB	330	12	27	9	0.9391796322489391	0.9595375722543352	0.9196675900277008
p1_c0_r1	APP	190	0	0	161	0.9896907216494846	0.9896907216494846	0.9896907216494846
p1_c0_r1	ASTER	124	0	372	0	0.40127388535031844	0.984375	0.252
p1_c0_r1	BAMBI	53	0	36	2	0.7333333333333334	0.9649122807017544	0.5913978494623656
p1_c0_r1	BAR	375	0	223	780	0.7686034658511723	0.9947229551451188	0.6262458471760798
p1_c0_r1	CASP	45	5	5	1898	0.8703703703703703	0.8703703703703703	0.8703703703703703
p1_c0_r1	CITE	97	0	56	225	0.7674418604651161	0.9801980198019802	0.6305732484076433
p1_c0_r1	Clusterin	63	0	0	73	0.9701492537313433	0.9701492537313433	0.9701492537313433
p1_c0_r1	GH14	2	0	6	97	0.4444444444444444	0.6666666666666666	0.3333333333333333
p1_c0_r1	HOX	54	0	98	1388	0.5233644859813085	0.9655172413793104	0.358974358974359
p1_c0_r1	MAPT	18	0	12	48	0.7142857142857143	0.9090909090909091	0.5882352941176471
p1_c0_r1	NOX	375	11	106	733	0.8617142857142858	0.9666666666666667	0.777319587628866
p1_c0_r1	POP	166	0	21	374	0.9307479224376732	0.9882352941176471	0.8795811518324608
p1_c0_r1	PSEN	187	0	338	70	0.525	0.9895287958115183	0.3572778827977316
p1_c0_r1	RPS	24	0	39	3	0.5473684210526316	0.9285714285714286	0.3880597014925373
p1_c0_r1	SERC	577	0	152	174	0.8812785388127854	0.9965576592082617	0.7899045020463847
p1_c0_r1	SUMF	31	0	0	35	0.9428571428571428	0.9428571428571428	0.9428571428571428
p1_c0_r1	TRFE	103	0	11	351	0.9333333333333332	0.9813084112149533	0.8898305084745762
p1_c0_r1	VATB	304	0	53	21	0.9147982062780269	0.9935064935064936	0.8476454293628809
