suite	cell	stratum	families	status	F1	PPV	TPR	prediction_semantics
sequence	p0_c0_r0	all	18	descriptive	0.689183963152562	0.6439400942516949	0.741266050122766	group_clique
sequence	p0_c0_r0	concentrated	0	empty_bin	NA	NA	NA	group_clique
sequence	p0_c0_r0	explicit_fragment	0	empty_bin	NA	NA	NA	group_clique
sequence	p0_c0_r0	higher_entropy	9	descriptive	0.6738599089492942	0.5675514524460898	0.829172851259338	group_clique
sequence	p0_c0_r0	lower_entropy	9	descriptive	0.6852115577012499	0.7203287360573001	0.6533592489861939	group_clique
sequence	p0_c0_r0	missing	0	empty_bin	NA	NA	NA	group_clique
sequence	p0_c0_r0	missing_entropy	0	empty_bin	NA	NA	NA	group_clique
sequence	p0_c0_r0	no_explicit_fragment	18	descriptive	0.689183963152562	0.6439400942516949	0.741266050122766	group_clique
sequence	p0_c0_r0	not_concentrated	18	descriptive	0.689183963152562	0.6439400942516949	0.741266050122766	group_clique
sequence	p0_c0_r0	not_short_relative	11	descriptive	0.6900817651842628	0.633748898052525	0.7574063324051772	group_clique
sequence	p0_c0_r0	short_relative	7	descriptive	0.6867912562634881	0.6599548311361046	0.7159027493932628	group_clique
sequence	p0_c0_r1	all	18	descriptive	0.7895743339716982	0.9491519661804723	0.6759321953915856	resolved_native_pairs
sequence	p0_c0_r1	concentrated	0	empty_bin	NA	NA	NA	resolved_native_pairs
sequence	p0_c0_r1	explicit_fragment	0	empty_bin	NA	NA	NA	resolved_native_pairs
sequence	p0_c0_r1	higher_entropy	9	descriptive	0.8735957010168152	0.9457346643034666	0.8116820346295319	resolved_native_pairs
sequence	p0_c0_r1	lower_entropy	9	descriptive	0.689412897997373	0.9525692680574777	0.5401823561536392	resolved_native_pairs
sequence	p0_c0_r1	missing	0	empty_bin	NA	NA	NA	resolved_native_pairs
sequence	p0_c0_r1	missing_entropy	0	empty_bin	NA	NA	NA	resolved_native_pairs
sequence	p0_c0_r1	no_explicit_fragment	18	descriptive	0.7895743339716982	0.9491519661804723	0.6759321953915856	resolved_native_pairs
sequence	p0_c0_r1	not_concentrated	18	descriptive	0.7895743339716982	0.9491519661804723	0.6759321953915856	resolved_native_pairs
sequence	p0_c0_r1	not_short_relative	11	descriptive	0.8038886896184428	0.9329527504421532	0.7061942485966103	resolved_native_pairs
sequence	p0_c0_r1	short_relative	7	descriptive	0.7641013995978021	0.9746078766264021	0.6283775403551182	resolved_native_pairs
sequence	p0_c1_r0	all	18	descriptive	0.6857094995663944	0.6087055595840293	0.7850177040241996	group_clique
sequence	p0_c1_r0	concentrated	0	empty_bin	NA	NA	NA	group_clique
sequence	p0_c1_r0	explicit_fragment	0	empty_bin	NA	NA	NA	group_clique
sequence	p0_c1_r0	higher_entropy	9	descriptive	0.6665025625397913	0.5440990153649969	0.8599651060337701	group_clique
sequence	p0_c1_r0	lower_entropy	9	descriptive	0.6912028472921777	0.6733121038030616	0.7100703020146293	group_clique
sequence	p0_c1_r0	missing	0	empty_bin	NA	NA	NA	group_clique
sequence	p0_c1_r0	missing_entropy	0	empty_bin	NA	NA	NA	group_clique
sequence	p0_c1_r0	no_explicit_fragment	18	descriptive	0.6857094995663944	0.6087055595840293	0.7850177040241996	group_clique
sequence	p0_c1_r0	not_concentrated	18	descriptive	0.6857094995663944	0.6087055595840293	0.7850177040241996	group_clique
sequence	p0_c1_r0	not_short_relative	11	descriptive	0.6877204526905152	0.5941367744679118	0.8162970413370698	group_clique
sequence	p0_c1_r0	short_relative	7	descriptive	0.6797569587991308	0.6315993647664995	0.7358644596754036	group_clique
sequence	p1_c0_r1	all	18	descriptive	0.7863721816702856	0.9490514061383917	0.6713025657619559	resolved_native_pairs
sequence	p1_c0_r1	concentrated	0	empty_bin	NA	NA	NA	resolved_native_pairs
sequence	p1_c0_r1	explicit_fragment	0	empty_bin	NA	NA	NA	resolved_native_pairs
sequence	p1_c0_r1	higher_entropy	9	descriptive	0.8659681500050459	0.9404436590124613	0.8024227753702726	resolved_native_pairs
sequence	p1_c0_r1	lower_entropy	9	descriptive	0.690741409621422	0.9576591532643219	0.5401823561536392	resolved_native_pairs
sequence	p1_c0_r1	missing	0	empty_bin	NA	NA	NA	resolved_native_pairs
sequence	p1_c0_r1	missing_entropy	0	empty_bin	NA	NA	NA	resolved_native_pairs
sequence	p1_c0_r1	no_explicit_fragment	18	descriptive	0.7863721816702856	0.9490514061383917	0.6713025657619559	resolved_native_pairs
sequence	p1_c0_r1	not_concentrated	18	descriptive	0.7863721816702856	0.9490514061383917	0.6713025657619559	resolved_native_pairs
sequence	p1_c0_r1	not_short_relative	11	descriptive	0.7988971574145497	0.9327881976460215	0.6986184910208528	resolved_native_pairs
sequence	p1_c0_r1	short_relative	7	descriptive	0.7641013995978021	0.9746078766264021	0.6283775403551182	resolved_native_pairs
domain	p0_c0_r0	all	18	descriptive	0.689183963152562	0.6439400942516949	0.741266050122766	group_clique
domain	p0_c0_r0	median_pfam_types_at_least_two	6	descriptive	0.6398580367442509	0.5520363110745369	0.7609085998615459	group_clique
domain	p0_c0_r0	median_pfam_types_below_two	12	descriptive	0.7100609825130608	0.689891985840274	0.7314447752533759	group_clique
domain	p0_c0_r0	repeated_type_fraction_at_least_quarter	3	descriptive	0.6559455786521935	0.5860714442088408	0.7447364899630032	group_clique
domain	p0_c0_r0	repeated_type_fraction_below_quarter	15	descriptive	0.6954517605949861	0.6555138242602657	0.7405719621547184	group_clique
domain	p0_c0_r1	all	18	descriptive	0.7895743339716982	0.9491519661804723	0.6759321953915856	resolved_native_pairs
domain	p0_c0_r1	median_pfam_types_at_least_two	6	descriptive	0.8493211832915595	0.9819020815936712	0.7482844088777078	resolved_native_pairs
domain	p0_c0_r1	median_pfam_types_below_two	12	descriptive	0.7589662126504299	0.9327769084738727	0.6397560886485244	resolved_native_pairs
domain	p0_c0_r1	repeated_type_fraction_at_least_quarter	3	descriptive	0.7473104562927284	0.9599760387057935	0.6117812284633183	resolved_native_pairs
domain	p0_c0_r1	repeated_type_fraction_below_quarter	15	descriptive	0.7974926681609413	0.946987151675408	0.688762388777239	resolved_native_pairs
domain	p0_c1_r0	all	18	descriptive	0.6857094995663944	0.6087055595840293	0.7850177040241996	group_clique
domain	p0_c1_r0	median_pfam_types_at_least_two	6	descriptive	0.646291508613555	0.5424516207720551	0.7992989015506948	group_clique
domain	p0_c1_r0	median_pfam_types_below_two	12	descriptive	0.703336538216113	0.6418325289900163	0.777877105260952	group_clique
domain	p0_c1_r0	repeated_type_fraction_at_least_quarter	3	descriptive	0.6658164265175484	0.5755337471780898	0.7896939301817296	group_clique
domain	p0_c1_r0	repeated_type_fraction_below_quarter	15	descriptive	0.6895376916730731	0.6153399220652173	0.7840824587926937	group_clique
domain	p1_c0_r1	all	18	descriptive	0.7863721816702856	0.9490514061383917	0.6713025657619559	resolved_native_pairs
domain	p1_c0_r1	median_pfam_types_at_least_two	6	descriptive	0.8493211832915595	0.9819020815936712	0.7482844088777078	resolved_native_pairs
domain	p1_c0_r1	median_pfam_types_below_two	12	descriptive	0.7540084553000733	0.932626068410752	0.6328116442040801	resolved_native_pairs
domain	p1_c0_r1	repeated_type_fraction_at_least_quarter	3	descriptive	0.7473104562927284	0.9599760387057935	0.6117812284633183	resolved_native_pairs
domain	p1_c0_r1	repeated_type_fraction_below_quarter	15	descriptive	0.7937135635925588	0.9468664796249114	0.6832068332216835	resolved_native_pairs
duplication	p0_c0_r0	all	18	descriptive	0.689183963152562	0.6439400942516949	0.741266050122766	group_clique
duplication	p0_c0_r0	lower_duplication_fraction	9	descriptive	0.6987588365968114	0.6496031465850108	0.7559627973909586	group_clique
duplication	p0_c0_r0	missing_duplication_fraction	0	empty_bin	NA	NA	NA	group_clique
duplication	p0_c0_r0	upper_duplication_fraction	9	descriptive	0.6795673478568213	0.6382770419183791	0.7265693028545734	group_clique
duplication	p0_c0_r1	all	18	descriptive	0.7895743339716982	0.9491519661804723	0.6759321953915856	resolved_native_pairs
duplication	p0_c0_r1	lower_duplication_fraction	9	descriptive	0.8416676256453021	0.9757563705190153	0.7399794225272652	resolved_native_pairs
duplication	p0_c0_r1	missing_duplication_fraction	0	empty_bin	NA	NA	NA	resolved_native_pairs
duplication	p0_c0_r1	upper_duplication_fraction	9	descriptive	0.7357677506435819	0.922547561841929	0.611884968255906	resolved_native_pairs
duplication	p0_c1_r0	all	18	descriptive	0.6857094995663944	0.6087055595840293	0.7850177040241996	group_clique
duplication	p0_c1_r0	lower_duplication_fraction	9	descriptive	0.6940877053980358	0.6264909497021287	0.7780357541637767	group_clique
duplication	p0_c1_r0	missing_duplication_fraction	0	empty_bin	NA	NA	NA	group_clique
duplication	p0_c1_r0	upper_duplication_fraction	9	descriptive	0.6768412192639817	0.5909201694659298	0.7919996538846228	group_clique
duplication	p1_c0_r1	all	18	descriptive	0.7863721816702856	0.9490514061383917	0.6713025657619559	resolved_native_pairs
duplication	p1_c0_r1	lower_duplication_fraction	9	descriptive	0.8416676256453021	0.9757563705190153	0.7399794225272652	resolved_native_pairs
duplication	p1_c0_r1	missing_duplication_fraction	0	empty_bin	NA	NA	NA	resolved_native_pairs
duplication	p1_c0_r1	upper_duplication_fraction	9	descriptive	0.7289702675945082	0.9223464417577679	0.6026257089966468	resolved_native_pairs
model_distance	p0_c0_r0	all	18	descriptive	0.689183963152562	0.6439400942516949	0.741266050122766	group_clique
model_distance	p0_c0_r0	higher_than_median	9	descriptive	0.677713333851498	0.6718313654571433	0.6836992066936824	group_clique
model_distance	p0_c0_r0	lower_or_equal_median	9	descriptive	0.6956342118357215	0.6160488230462469	0.7988328935518495	group_clique
model_distance	p0_c0_r1	all	18	descriptive	0.7895743339716982	0.9491519661804723	0.6759321953915856	resolved_native_pairs
model_distance	p0_c0_r1	higher_than_median	9	descriptive	0.7619879798311704	0.9580820568880978	0.6325265178940419	resolved_native_pairs
model_distance	p0_c0_r1	lower_or_equal_median	9	descriptive	0.8150802700704519	0.9402218754728465	0.7193378728891293	resolved_native_pairs
model_distance	p0_c1_r0	all	18	descriptive	0.6857094995663944	0.6087055595840293	0.7850177040241996	group_clique
model_distance	p0_c1_r0	higher_than_median	9	descriptive	0.6809535547355694	0.6468344472516043	0.7188725132105146	group_clique
model_distance	p0_c1_r0	lower_or_equal_median	9	descriptive	0.6831823537190632	0.5705766719164542	0.8511628948378849	group_clique
model_distance	p1_c0_r1	all	18	descriptive	0.7863721816702856	0.9490514061383917	0.6713025657619559	resolved_native_pairs
model_distance	p1_c0_r1	higher_than_median	9	descriptive	0.7635926334988897	0.9631719420949421	0.6325265178940419	resolved_native_pairs
model_distance	p1_c0_r1	lower_or_equal_median	9	descriptive	0.807137493943442	0.9349308701818413	0.7100786136298701	resolved_native_pairs
