method	proteomes	planned_repeats	reviewed_repeats	eligible_repeats	summary_status	wall_seconds_median	wall_seconds_minimum	wall_seconds_maximum	cpu_seconds_median	cpu_seconds_minimum	cpu_seconds_maximum	peak_memory_bytes_median	peak_memory_bytes_minimum	peak_memory_bytes_maximum
orthohmm_high_sensitivity	4	3	2	1	incomplete_eligible_repeats									
orthohmm_high_sensitivity	8	3	2	2	incomplete_eligible_repeats									
orthohmm_high_sensitivity	12	3	2	2	incomplete_eligible_repeats									
orthohmm_satellite_v2	4	3	2	2	incomplete_eligible_repeats									
orthohmm_satellite_v2	8	3	2	2	incomplete_eligible_repeats									
orthohmm_satellite_v2	12	3	1	1	incomplete_eligible_repeats									
orthofinder_3_1_5_full	4	3	2	2	incomplete_eligible_repeats									
orthofinder_3_1_5_full	8	3	2	2	incomplete_eligible_repeats									
orthofinder_3_1_5_full	12	3	1	1	incomplete_eligible_repeats									
