method	fragment_endpoints	baseline_tp	baseline_fp	baseline_fn	fragment_tp	fragment_fp	fragment_fn
orthohmm_high_sensitivity	0	18538	1017	116	18535	1017	119
orthohmm_high_sensitivity	1	9169	521	66	9127	521	108
orthohmm_high_sensitivity	2	1155	54	7	1143	54	19
orthohmm_satellite_v2	0	18487	14	167	18484	19	170
orthohmm_satellite_v2	1	9122	10	113	9075	11	160
orthohmm_satellite_v2	2	1148	0	14	1135	0	27
orthofinder_full	0	18639	13	15	18641	17	13
orthofinder_full	1	9234	5	1	9216	5	19
orthofinder_full	2	1162	0	0	1162	0	0
orthofinder_sequence_only	0	18654	853	0	18654	1006	0
orthofinder_sequence_only	1	9235	430	0	9217	493	18
orthofinder_sequence_only	2	1162	48	0	1162	54	0
