index	dataset	cell	job_id	native_outcome	accuracy_admitted	accuracy_status	resource_observation	wall_seconds	cpu_seconds	peak_memory_bytes	new_timing_admission
0	orthobench	p0_c0_r0	22427	failed_wrapper_science_recovered	True	retained_orthobench_score	failed_wrapper_observation_not_clean_success	2289.764741234	67271.677476	4954263552	False
1	orthobench	p0_c0_r1	22428	native_success	True	retained_orthobench_score	reviewed_native_command	3254.922748587	93796.695195	4971315200	False
2	orthobench	p0_c1_r0	22429	native_success	True	retained_orthobench_score	reviewed_native_command	2306.635375674	67315.217871	4969009152	False
3	orthobench	p0_c1_r1	22430	native_success	True	retained_orthobench_score	reviewed_native_command	3522.029233711	102817.764963	5072842752	False
4	orthobench	p1_c0_r1	22431	native_success	True	retained_orthobench_score	reviewed_native_command	3460.657033564	97852.112871	11368222720	False
5	orthobench	p1_c1_r0	22433	native_success	True	retained_orthobench_score	reviewed_native_command	2578.528469847	73225.28424	11349929984	False
6	qfo_corrected	p0_c0_r0	22435	native_success	True	supplied_native_admission	reviewed_native_command	38509.157179042	1169184.709484	15424811008	False
7	qfo_corrected	p0_c0_r1	22437	native_scientific_outputs_recovered_measurement_failure_retained	True	supplied_recovered_scientific_admission	measurement_failure_no_valid_resources	NA	NA	NA	False
8	qfo_corrected	p0_c1_r0	22444	native_success	True	supplied_native_admission	reviewed_native_command	40676.339487507	1226036.349258	19349504000	False
9	qfo_corrected	p0_c1_r1	23891	pre_native_cpu_binding_failure_reviewed_retained	False	no_supplied_native_admission	pre_native_failure_no_resources	NA	NA	NA	False
10	qfo_corrected	p1_c0_r1	23902	native_success	True	supplied_allocated_native_admission	reviewed_native_command	53995.367466727	1585693.069194	19355951104	False
11	qfo_corrected	p1_c1_r0	23985	native_success	False	scoring_OUT_OF_MEMORY_no_admission	reviewed_native_command	60568.563058126	1607563.508002	20407123968	False
12	qfo_corrected	p1_c1_r1	24036	native_failure_retained	False	native_SIGSEGV_no_admission	failed_native_command_not_successful_inference	64526.103655242	1739733.457142	20492017664	False
