candidate	reference	status	metric	difference	nominal_low	nominal_high	adjusted_low	adjusted_high	family_wins	family_ties	family_losses
p0_c0_r0	orthofinder_3_1_5_full	conditional_native_comparison_estimated	F1	-0.1592293039739051	-0.2300880626389227	-0.07777388526723363	-0.2726608599524121	-0.007023260062511583	1	0	17
p0_c0_r0	orthofinder_3_1_5_full	conditional_native_comparison_estimated	PPV	-0.29391273547448926	-0.38849328938258704	-0.19671649013523876	-0.4454965084389297	-0.13541108225620654	1	0	17
p0_c0_r0	orthofinder_3_1_5_full	conditional_native_comparison_estimated	TPR	-0.03328147821069438	-0.11409352776332998	0.06173374533141986	-0.1571621776053903	0.13948635979553484	4	6	8
p0_c0_r0	orthofinder_3_1_5_sequence_only	conditional_native_comparison_estimated	F1	-0.0013308651040623287	-0.056602742671919656	0.05697956831106938	-0.09415201375525338	0.09822421924588019	7	5	6
p0_c0_r0	orthofinder_3_1_5_sequence_only	conditional_native_comparison_estimated	PPV	0.07487223956067435	0.02351448950560134	0.13322806223598416	-0.0015888015696284908	0.17364774453390097	7	5	6
p0_c0_r0	orthofinder_3_1_5_sequence_only	conditional_native_comparison_estimated	TPR	-0.13659691051565237	-0.21957161400427072	-0.06607742219275614	-0.2837660308690891	-0.03056133171929424	1	6	11
p0_c0_r1	orthofinder_3_1_5_full	conditional_native_comparison_estimated	F1	-0.05883893315476896	-0.11715910217823931	-0.010060094681995898	-0.16403968477319122	0.01854254832315096	3	4	11
p0_c0_r1	orthofinder_3_1_5_full	conditional_native_comparison_estimated	PPV	0.01129913645428815	-0.01717160848108577	0.0447629053373817	-0.034951146027214317	0.07069265778900838	8	4	6
p0_c0_r1	orthofinder_3_1_5_full	conditional_native_comparison_estimated	TPR	-0.09861533294187486	-0.18422052856808843	-0.01956098073827912	-0.24735579744605862	0.028099347861025546	4	4	10
p0_c0_r1	orthofinder_3_1_5_sequence_only	conditional_native_comparison_estimated	F1	0.09905950571507383	-0.030370173393486567	0.22627308593426274	-0.11735409214179897	0.3021798915304813	12	0	6
p0_c0_r1	orthofinder_3_1_5_sequence_only	conditional_native_comparison_estimated	PPV	0.38008411148945176	0.2565410244526444	0.4996996822317045	0.1746266094589386	0.5682923918627598	15	0	3
p0_c0_r1	orthofinder_3_1_5_sequence_only	conditional_native_comparison_estimated	TPR	-0.20193076524683284	-0.30160652433272445	-0.11133959724328432	-0.37220930267914726	-0.06145246015862823	1	4	13
p0_c1_r0	orthofinder_3_1_5_full	conditional_native_comparison_estimated	F1	-0.16270376756007277	-0.24839978526958578	-0.06834055077867128	-0.2984760267853185	0.013903500603525838	1	0	17
p0_c1_r0	orthofinder_3_1_5_full	conditional_native_comparison_estimated	PPV	-0.32914727014215484	-0.4384869734715358	-0.21644612880169753	-0.5024466338797051	-0.14585425815739506	1	0	17
p0_c1_r0	orthofinder_3_1_5_full	conditional_native_comparison_estimated	TPR	0.010470175690739159	-0.07937442564485739	0.1191863700018015	-0.12734927399263332	0.2101300927945832	6	6	6
p0_c1_r0	orthofinder_3_1_5_sequence_only	conditional_native_comparison_estimated	F1	-0.004805328690229982	-0.04705508833179665	0.037033297412893997	-0.08124610040895995	0.06753601056542217	5	8	5
p0_c1_r0	orthofinder_3_1_5_sequence_only	conditional_native_comparison_estimated	PPV	0.039637704893008774	-0.003291995695119451	0.09357381794210193	-0.015244275742547147	0.13617645200089995	5	8	5
p0_c1_r0	orthofinder_3_1_5_sequence_only	conditional_native_comparison_estimated	TPR	-0.09284525661421883	-0.1826537683864884	-0.01913257391433132	-0.2549840591177626	0.015229673961867909	2	8	8
p0_c1_r1	orthofinder_3_1_5_full	native_cell_unavailable	F1	NA	NA	NA	NA	NA	NA	NA	NA
p0_c1_r1	orthofinder_3_1_5_full	native_cell_unavailable	PPV	NA	NA	NA	NA	NA	NA	NA	NA
p0_c1_r1	orthofinder_3_1_5_full	native_cell_unavailable	TPR	NA	NA	NA	NA	NA	NA	NA	NA
p0_c1_r1	orthofinder_3_1_5_sequence_only	native_cell_unavailable	F1	NA	NA	NA	NA	NA	NA	NA	NA
p0_c1_r1	orthofinder_3_1_5_sequence_only	native_cell_unavailable	PPV	NA	NA	NA	NA	NA	NA	NA	NA
p0_c1_r1	orthofinder_3_1_5_sequence_only	native_cell_unavailable	TPR	NA	NA	NA	NA	NA	NA	NA	NA
p1_c0_r0	orthofinder_3_1_5_full	native_cell_unavailable	F1	NA	NA	NA	NA	NA	NA	NA	NA
p1_c0_r0	orthofinder_3_1_5_full	native_cell_unavailable	PPV	NA	NA	NA	NA	NA	NA	NA	NA
p1_c0_r0	orthofinder_3_1_5_full	native_cell_unavailable	TPR	NA	NA	NA	NA	NA	NA	NA	NA
p1_c0_r0	orthofinder_3_1_5_sequence_only	native_cell_unavailable	F1	NA	NA	NA	NA	NA	NA	NA	NA
p1_c0_r0	orthofinder_3_1_5_sequence_only	native_cell_unavailable	PPV	NA	NA	NA	NA	NA	NA	NA	NA
p1_c0_r0	orthofinder_3_1_5_sequence_only	native_cell_unavailable	TPR	NA	NA	NA	NA	NA	NA	NA	NA
p1_c0_r1	orthofinder_3_1_5_full	conditional_native_comparison_estimated	F1	-0.06204108545618159	-0.12169306438373473	-0.011712672291208863	-0.16863839809820227	0.018128863621063675	3	4	11
p1_c0_r1	orthofinder_3_1_5_full	conditional_native_comparison_estimated	PPV	0.011198576412207562	-0.015657684866034013	0.04452052456018084	-0.02953489359822399	0.07056440703217258	8	4	6
p1_c0_r1	orthofinder_3_1_5_full	conditional_native_comparison_estimated	TPR	-0.1032449625715045	-0.18880000979532263	-0.02333156266162219	-0.25144639763302673	0.025601531002556986	4	4	10
p1_c0_r1	orthofinder_3_1_5_sequence_only	conditional_native_comparison_estimated	F1	0.0958573534136612	-0.03335976883068822	0.22335146383286508	-0.12022140513200925	0.3001327202595402	12	0	6
p1_c0_r1	orthofinder_3_1_5_sequence_only	conditional_native_comparison_estimated	PPV	0.37998355144737117	0.2564784465137043	0.5000749842618795	0.17411862360219185	0.5701832607331669	15	0	3
p1_c0_r1	orthofinder_3_1_5_sequence_only	conditional_native_comparison_estimated	TPR	-0.2065603948764625	-0.30540854762504965	-0.11646663196596571	-0.3754113444854633	-0.06611523758525789	1	4	13
p1_c1_r0	orthofinder_3_1_5_full	native_cell_unavailable	F1	NA	NA	NA	NA	NA	NA	NA	NA
p1_c1_r0	orthofinder_3_1_5_full	native_cell_unavailable	PPV	NA	NA	NA	NA	NA	NA	NA	NA
p1_c1_r0	orthofinder_3_1_5_full	native_cell_unavailable	TPR	NA	NA	NA	NA	NA	NA	NA	NA
p1_c1_r0	orthofinder_3_1_5_sequence_only	native_cell_unavailable	F1	NA	NA	NA	NA	NA	NA	NA	NA
p1_c1_r0	orthofinder_3_1_5_sequence_only	native_cell_unavailable	PPV	NA	NA	NA	NA	NA	NA	NA	NA
p1_c1_r0	orthofinder_3_1_5_sequence_only	native_cell_unavailable	TPR	NA	NA	NA	NA	NA	NA	NA	NA
p1_c1_r1	orthofinder_3_1_5_full	native_cell_unavailable	F1	NA	NA	NA	NA	NA	NA	NA	NA
p1_c1_r1	orthofinder_3_1_5_full	native_cell_unavailable	PPV	NA	NA	NA	NA	NA	NA	NA	NA
p1_c1_r1	orthofinder_3_1_5_full	native_cell_unavailable	TPR	NA	NA	NA	NA	NA	NA	NA	NA
p1_c1_r1	orthofinder_3_1_5_sequence_only	native_cell_unavailable	F1	NA	NA	NA	NA	NA	NA	NA	NA
p1_c1_r1	orthofinder_3_1_5_sequence_only	native_cell_unavailable	PPV	NA	NA	NA	NA	NA	NA	NA	NA
p1_c1_r1	orthofinder_3_1_5_sequence_only	native_cell_unavailable	TPR	NA	NA	NA	NA	NA	NA	NA	NA
