iteration	cohort	events	feature	finite	missing	positive_infinity	minimum	median	mean	maximum
all	TP-only	51	source_size	51	0	0	1	1	1.411764705882353	4
all	TP-only	51	target_size	51	0	0	5	17	25.666666666666668	131
all	TP-only	51	source_seed_families	51	0	0	1	1	1.0	1
all	TP-only	51	target_seed_families	51	0	0	1	1	1.1568627450980393	5
all	TP-only	51	support	51	0	0	0.04187068179258827	7.682283157270891	6.901023414261333	24.914944642249164
all	TP-only	51	margin	39	0	12	1.5270157331335368	2.0279949454564434	3.552617038959983	23.845820408509375
all	TP-only	51	species_overlap_fraction	51	0	0	0.0	0.0	0.30392156862745096	1.0
all	TP-only	51	forward_hits	51	0	0	1	7	9.627450980392156	41
all	TP-only	51	reverse_hits	51	0	0	1	6	9.745098039215685	41
all	TP-only	51	forward_average	51	0	0	0.09664601492778695	3.3033600419374096	2.638301343600996	4.747329129512542
all	TP-only	51	reverse_average	51	0	0	0.11601827414433796	3.3155570820203115	2.6084013166075692	4.746204451545806
all	TP-only	51	forward_maximum	51	0	0	0.13381696805343002	4.239616419310064	3.354732953901412	5.467403590713354
all	TP-only	51	reverse_maximum	51	0	0	0.12814562069167856	4.239616419310064	3.32958955754634	5.465567042647948
all	TP-only	51	forward_coverage	51	0	0	0.5	6.0	8.712418300653594	41.0
all	TP-only	51	reverse_coverage	51	0	0	0.5	6.0	8.830065359477123	41.0
all	TP-only	51	forward_normalized_support	51	0	0	0.04187068179258827	7.708574019192394	6.957103191290994	24.91543964687043
all	TP-only	51	reverse_normalized_support	51	0	0	0.04225837329066779	7.682283157270891	7.065106450011468	24.914944642249164
all	FP-only	352	source_size	352	0	0	1	9.0	8.491477272727273	12
all	FP-only	352	target_size	352	0	0	8	32.0	42.90625	179
all	FP-only	352	source_seed_families	352	0	0	1	1.0	1.0	1
all	FP-only	352	target_seed_families	352	0	0	1	1.0	1.2698863636363635	5
all	FP-only	352	support	352	0	0	0.030518606847847386	0.9847760093495468	2.8195689542646836	54.481906701710386
all	FP-only	352	margin	297	0	55	1.501833680788618	2.678003066450381	4.749796007283142	51.72773087756577
all	FP-only	352	species_overlap_fraction	352	0	0	0.0	1.0	0.9610543339236521	1.0
all	FP-only	352	forward_hits	352	0	0	1	33.0	72.4971590909091	721
all	FP-only	352	reverse_hits	352	0	0	1	30.0	66.91761363636364	776
all	FP-only	352	forward_average	352	0	0	0.08262122301936438	0.5955917269091611	0.7912308683026622	3.7644688255315284
all	FP-only	352	reverse_average	352	0	0	0.05087322763154207	0.6108423994416075	0.7989133943873292	3.764468825531528
all	FP-only	352	forward_maximum	352	0	0	0.11441833675815785	0.9782337841760773	1.2373230312104073	5.01867966906693
all	FP-only	352	reverse_maximum	352	0	0	0.07123140911288933	1.002866369945127	1.2409900194100265	4.993653648469358
all	FP-only	352	forward_coverage	352	0	0	0.5	4.055555555555555	9.043172491965105	76.88888888888889
all	FP-only	352	reverse_coverage	352	0	0	0.5	3.784090909090909	8.505346074380165	69.44444444444444
all	FP-only	352	forward_normalized_support	352	0	0	0.03755752539525904	1.1511309831231387	3.0448294652634047	55.141760150895124
all	FP-only	352	reverse_normalized_support	352	0	0	0.030518606847847386	1.076884048708159	2.9282940627574194	54.481906701710386
all	mixed	46	source_size	46	0	0	1	1.0	2.0434782608695654	11
all	mixed	46	target_size	46	0	0	7	43.0	59.78260869565217	226
all	mixed	46	source_seed_families	46	0	0	1	1.0	1.0	1
all	mixed	46	target_seed_families	46	0	0	1	1.0	1.7826086956521738	5
all	mixed	46	support	46	0	0	0.04742739209180737	1.7085563209672348	6.251898303173347	24.65843339367063
all	mixed	46	margin	36	0	10	1.5491390511418173	2.3299477026659217	6.14832749643069	56.34174714522592
all	mixed	46	species_overlap_fraction	46	0	0	0.0	1.0	0.9021739130434783	1.0
all	mixed	46	forward_hits	46	0	0	1	17.0	30.956521739130434	193
all	mixed	46	reverse_hits	46	0	0	2	14.5	29.717391304347824	192
all	mixed	46	forward_average	46	0	0	0.13255425041262922	1.7606582743391372	1.9364896658858697	4.400401043080581
all	mixed	46	reverse_average	46	0	0	0.06439025197748244	1.3802703770742344	1.9135329932387335	4.399947526056051
all	mixed	46	forward_maximum	46	0	0	0.15238148350241307	2.5161107126218436	3.0164499658175874	5.520408163265306
all	mixed	46	reverse_maximum	46	0	0	0.1047058155920386	2.5183726496176186	3.011854105188478	5.520408163265306
all	mixed	46	forward_coverage	46	0	0	1.0	12.5	16.556451157538113	90.0
all	mixed	46	reverse_coverage	46	0	0	1.0	10.5	16.61085074345944	93.5
all	mixed	46	forward_normalized_support	46	0	0	0.0485300596038273	2.016114598878251	6.499457264214214	24.65892839829189
all	mixed	46	reverse_normalized_support	46	0	0	0.04742739209180737	1.7981226182131957	6.414646835706763	24.65843339367063
all	no changed scored VGNC pair	40241	source_size	40241	0	0	1	1	2.0622996446410378	12
all	no changed scored VGNC pair	40241	target_size	40241	0	0	2	22	32.61106831341169	230
all	no changed scored VGNC pair	40241	source_seed_families	40241	0	0	1	1	1.0	1
all	no changed scored VGNC pair	40241	target_seed_families	40241	0	0	1	1	1.56956835068711	6
all	no changed scored VGNC pair	40241	support	40241	0	0	0.030002493839033705	0.2732556135539276	1.3702627469797204	94.43735343538096
all	no changed scored VGNC pair	40241	margin	19818	0	20423	1.5000445696579798	2.4847603195302392	3.9383034257182836	683.5571981234368
all	no changed scored VGNC pair	40241	species_overlap_fraction	40241	0	0	0.0	1.0	0.5690275389121094	1.0
all	no changed scored VGNC pair	40241	forward_hits	40241	0	0	1	4	11.963122188812406	1199
all	no changed scored VGNC pair	40241	reverse_hits	40241	0	0	1	3	11.46499838473199	1203
all	no changed scored VGNC pair	40241	forward_average	40241	0	0	0.023091883672725796	0.4975587435123594	0.7624491448139892	5.623293819589492
all	no changed scored VGNC pair	40241	reverse_average	40241	0	0	0.013647049710015876	0.5169583069753488	0.7840039698466669	5.334812425928981
all	no changed scored VGNC pair	40241	forward_maximum	40241	0	0	0.03292355857642539	0.6372529878771661	0.994104476611936	5.667157265920143
all	no changed scored VGNC pair	40241	reverse_maximum	40241	0	0	0.019901174716943516	0.6642857142857143	1.0142205609049002	5.667157265920143
all	no changed scored VGNC pair	40241	forward_coverage	40241	0	0	0.5	2.0	5.612518587056993	140.0
all	no changed scored VGNC pair	40241	reverse_coverage	40241	0	0	0.5	2.0	5.502133338912992	147.0
all	no changed scored VGNC pair	40241	forward_normalized_support	40241	0	0	0.030002493839033705	0.32565946670504387	1.5757296341649332	94.89003657764546
all	no changed scored VGNC pair	40241	reverse_normalized_support	40241	0	0	0.030003063627121407	0.32780997954530344	1.4730118905588963	94.43735343538096
0	TP-only	49	source_size	49	0	0	1	1	1.4285714285714286	4
0	TP-only	49	target_size	49	0	0	5	13	24.918367346938776	131
0	TP-only	49	source_seed_families	49	0	0	1	1	1.0	1
0	TP-only	49	target_seed_families	49	0	0	1	1	1.0	1
0	TP-only	49	support	49	0	0	0.04187068179258827	7.47615421554978	6.251087611456324	22.05899957694824
0	TP-only	49	margin	37	0	12	1.5270157331335368	2.0197714830471893	3.592459995113719	23.845820408509375
0	TP-only	49	species_overlap_fraction	49	0	0	0.0	0.0	0.2755102040816326	1.0
0	TP-only	49	forward_hits	49	0	0	1	7	8.408163265306122	35
0	TP-only	49	reverse_hits	49	0	0	1	6	8.53061224489796	35
0	TP-only	49	forward_average	49	0	0	0.09664601492778695	2.801595192171292	2.5902362609019822	4.747329129512542
0	TP-only	49	reverse_average	49	0	0	0.11601827414433796	2.855940689301263	2.5591022132339125	4.746204451545806
0	TP-only	49	forward_maximum	49	0	0	0.13381696805343002	4.237352139745103	3.3095579295584803	5.467403590713354
0	TP-only	49	reverse_maximum	49	0	0	0.12814562069167856	4.237352139745103	3.283388272127692	5.465567042647948
0	TP-only	49	forward_coverage	49	0	0	0.5	6.0	7.4557823129251695	35.0
0	TP-only	49	reverse_coverage	49	0	0	0.5	6.0	7.578231292517007	35.0
0	TP-only	49	forward_normalized_support	49	0	0	0.04187068179258827	7.47615421554978	6.309446256841864	22.065266005226253
0	TP-only	49	reverse_normalized_support	49	0	0	0.04225837329066779	7.47615421554978	6.4217837227807655	22.05899957694824
0	FP-only	322	source_size	322	0	0	1	9.0	8.5527950310559	12
0	FP-only	322	target_size	322	0	0	8	30.5	41.059006211180126	179
0	FP-only	322	source_seed_families	322	0	0	1	1.0	1.0	1
0	FP-only	322	target_seed_families	322	0	0	1	1.0	1.0	1
0	FP-only	322	support	322	0	0	0.03755752539525904	1.0390498090404805	2.8713124331719215	54.481906701710386
0	FP-only	322	margin	275	0	47	1.501833680788618	2.6738274649689835	4.732048828662725	51.72773087756577
0	FP-only	322	species_overlap_fraction	322	0	0	0.0	1.0	0.9599916646500497	1.0
0	FP-only	322	forward_hits	322	0	0	1	33.0	73.35093167701864	721
0	FP-only	322	reverse_hits	322	0	0	1	30.0	68.6055900621118	776
0	FP-only	322	forward_average	322	0	0	0.08372591438314254	0.6309892015331228	0.8052708392183826	3.7644688255315284
0	FP-only	322	reverse_average	322	0	0	0.07073339432999991	0.6491466020834209	0.8176932366896665	3.764468825531528
0	FP-only	322	forward_maximum	322	0	0	0.12173295413342357	1.0142141399409939	1.2544998449012699	5.01867966906693
0	FP-only	322	reverse_maximum	322	0	0	0.10015699523775574	1.0442498645605833	1.261756520291434	4.993653648469358
0	FP-only	322	forward_coverage	322	0	0	0.5	4.055555555555555	8.958372097191972	76.88888888888889
0	FP-only	322	reverse_coverage	322	0	0	0.5	3.873015873015873	8.506299799234583	69.44444444444444
0	FP-only	322	forward_normalized_support	322	0	0	0.03755752539525904	1.2261892242389356	3.097806969439538	55.141760150895124
0	FP-only	322	reverse_normalized_support	322	0	0	0.03837645910463671	1.151145072739602	2.984408145604199	54.481906701710386
0	mixed	37	source_size	37	0	0	1	1	1.945945945945946	11
0	mixed	37	target_size	37	0	0	7	39	54.24324324324324	226
0	mixed	37	source_seed_families	37	0	0	1	1	1.0	1
0	mixed	37	target_seed_families	37	0	0	1	1	1.0	1
0	mixed	37	support	37	0	0	0.04742739209180737	0.95371660124638	5.241083531780594	21.09911278632203
0	mixed	37	margin	28	0	9	1.5491390511418173	2.261691251993721	5.950940693825169	56.34174714522592
0	mixed	37	species_overlap_fraction	37	0	0	0.0	1.0	0.9378378378378379	1.0
0	mixed	37	forward_hits	37	0	0	1	13	24.783783783783782	180
0	mixed	37	reverse_hits	37	0	0	2	13	24.243243243243242	187
0	mixed	37	forward_average	37	0	0	0.13255425041262922	1.7587905220709068	1.913169467774674	4.400401043080581
0	mixed	37	reverse_average	37	0	0	0.06439025197748244	1.2382447591532353	1.8787137813809742	4.399947526056051
0	mixed	37	forward_maximum	37	0	0	0.15238148350241307	2.311154003806507	2.9427520476600257	5.520408163265306
0	mixed	37	reverse_maximum	37	0	0	0.1047058155920386	2.492910301216533	2.9241922873755866	5.520408163265306
0	mixed	37	forward_coverage	37	0	0	1.0	9.0	13.79013104013104	90.0
0	mixed	37	reverse_coverage	37	0	0	1.0	9.0	13.855446355446356	93.5
0	mixed	37	forward_normalized_support	37	0	0	0.0485300596038273	1.484147986026014	5.506328585377474	21.09911278632203
0	mixed	37	reverse_normalized_support	37	0	0	0.04742739209180737	1.3227087753423226	5.337235112227529	21.09962684205265
0	no changed scored VGNC pair	33699	source_size	33699	0	0	1	1	2.0933262114602806	12
0	no changed scored VGNC pair	33699	target_size	33699	0	0	2	18	27.69286922460607	226
0	no changed scored VGNC pair	33699	source_seed_families	33699	0	0	1	1	1.0	1
0	no changed scored VGNC pair	33699	target_seed_families	33699	0	0	1	1	1.0	1
0	no changed scored VGNC pair	33699	support	33699	0	0	0.030003063627121407	0.2887279710571866	1.287746394110315	94.43735343538096
0	no changed scored VGNC pair	33699	margin	16905	0	16794	1.5000445696579798	2.3852187880754987	3.8838304985993775	683.5571981234368
0	no changed scored VGNC pair	33699	species_overlap_fraction	33699	0	0	0.0	1.0	0.5433748082239136	1.0
0	no changed scored VGNC pair	33699	forward_hits	33699	0	0	1	3	11.148372355262767	1199
0	no changed scored VGNC pair	33699	reverse_hits	33699	0	0	1	3	10.866138461081931	1203
0	no changed scored VGNC pair	33699	forward_average	33699	0	0	0.030188012480179334	0.5107572015974732	0.7694065190617366	5.623293819589492
0	no changed scored VGNC pair	33699	reverse_average	33699	0	0	0.021525385587520443	0.5271113136197386	0.7894625180175258	5.334812425928981
0	no changed scored VGNC pair	33699	forward_maximum	33699	0	0	0.03299544882739527	0.6493459851303602	0.9973347720067268	5.667157265920143
0	no changed scored VGNC pair	33699	reverse_maximum	33699	0	0	0.026009715891974372	0.6736513647635319	1.0162563817928711	5.667157265920143
0	no changed scored VGNC pair	33699	forward_coverage	33699	0	0	0.5	2.0	5.001630676414795	140.0
0	no changed scored VGNC pair	33699	reverse_coverage	33699	0	0	0.5	2.0	4.963770124633206	147.0
0	no changed scored VGNC pair	33699	forward_normalized_support	33699	0	0	0.0300571479417083	0.3387012553524317	1.457091056027979	94.89003657764546
0	no changed scored VGNC pair	33699	reverse_normalized_support	33699	0	0	0.030003063627121407	0.3443192706905691	1.3881267970667615	94.43735343538096
1	TP-only	2	source_size	2	0	0	1	1.0	1.0	1
1	TP-only	2	target_size	2	0	0	41	44.0	44.0	47
1	TP-only	2	source_seed_families	2	0	0	1	1.0	1.0	1
1	TP-only	2	target_seed_families	2	0	0	5	5.0	5.0	5
1	TP-only	2	support	2	0	0	20.733956523718913	22.82445058298404	22.82445058298404	24.914944642249164
1	TP-only	2	margin	2	0	0	2.4625659439252376	2.8155223501158817	2.8155223501158817	3.168478756306526
1	TP-only	2	species_overlap_fraction	2	0	0	1.0	1.0	1.0	1.0
1	TP-only	2	forward_hits	2	0	0	38	39.5	39.5	41
1	TP-only	2	reverse_hits	2	0	0	38	39.5	39.5	41
1	TP-only	2	forward_average	2	0	0	3.74065380069339	3.815895869726834	3.815895869726834	3.8911379387602776
1	TP-only	2	reverse_average	2	0	0	3.7413980664978808	3.8162293492621515	3.8162293492621515	3.8910606320264227
1	TP-only	2	forward_maximum	2	0	0	4.426206657568467	4.4615210503032205	4.4615210503032205	4.496835443037975
1	TP-only	2	reverse_maximum	2	0	0	4.426206657568467	4.4615210503032205	4.4615210503032205	4.496835443037975
1	TP-only	2	forward_coverage	2	0	0	38.0	39.5	39.5	41.0
1	TP-only	2	reverse_coverage	2	0	0	38.0	39.5	39.5	41.0
1	TP-only	2	forward_normalized_support	2	0	0	20.733956523718913	22.82469808529467	22.82469808529467	24.91543964687043
1	TP-only	2	reverse_normalized_support	2	0	0	20.738081892078196	22.82651326716368	22.82651326716368	24.914944642249164
1	FP-only	30	source_size	30	0	0	1	8.0	7.833333333333333	12
1	FP-only	30	target_size	30	0	0	15	51.5	62.733333333333334	149
1	FP-only	30	source_seed_families	30	0	0	1	1.0	1.0	1
1	FP-only	30	target_seed_families	30	0	0	1	5.0	4.166666666666667	5
1	FP-only	30	support	30	0	0	0.030518606847847386	0.6103529612268352	2.2641889473269936	22.139634803156653
1	FP-only	30	margin	22	0	8	2.0295494677468375	2.9628706448684823	4.971635740038355	35.7978735698833
1	FP-only	30	species_overlap_fraction	30	0	0	0.75	1.0	0.9724603174603175	1.0
1	FP-only	30	forward_hits	30	0	0	2	35.5	63.333333333333336	501
1	FP-only	30	reverse_hits	30	0	0	4	29.0	48.8	299
1	FP-only	30	forward_average	30	0	0	0.08262122301936438	0.44319488612221897	0.6405351804739279	3.4370040810604503
1	FP-only	30	reverse_average	30	0	0	0.05087322763154207	0.37578617695746686	0.5973430870089086	3.4368707434602452
1	FP-only	30	forward_maximum	30	0	0	0.11441833675815785	0.6977365227573746	1.0529585642618167	4.906451612903226
1	FP-only	30	reverse_maximum	30	0	0	0.07123140911288933	0.7062226257327919	1.0180962432829186	4.906451612903226
1	FP-only	30	forward_coverage	30	0	0	0.5714285714285714	3.9734848484848486	9.953363395863395	50.1
1	FP-only	30	reverse_coverage	30	0	0	0.5	3.3181818181818183	8.495109427609428	44.0
1	FP-only	30	forward_normalized_support	30	0	0	0.07838137434297762	0.6905418884700285	2.4762042537729076	22.139634803156653
1	FP-only	30	reverse_normalized_support	30	0	0	0.030518606847847386	0.6434078446645897	2.3260029068686525	22.727449684953996
1	mixed	9	source_size	9	0	0	1	1	2.4444444444444446	7
1	mixed	9	target_size	9	0	0	17	62	82.55555555555556	176
1	mixed	9	source_seed_families	9	0	0	1	1	1.0	1
1	mixed	9	target_seed_families	9	0	0	5	5	5.0	5
1	mixed	9	support	9	0	0	0.13796695553969748	11.023624426377626	10.40747014112133	24.65843339367063
1	mixed	9	margin	8	0	1	2.0590695751480546	2.9863851991904458	6.839181305550014	30.784816038761825
1	mixed	9	species_overlap_fraction	9	0	0	0.0	1.0	0.7555555555555555	1.0
1	mixed	9	forward_hits	9	0	0	8	42	56.333333333333336	193
1	mixed	9	reverse_hits	9	0	0	10	41	52.22222222222222	192
1	mixed	9	forward_average	9	0	0	0.20942473614855445	2.059217720528275	2.0323615914541207	4.202762363052842
1	mixed	9	reverse_average	9	0	0	0.22281825821754084	1.9685804020002406	2.0566786419873	4.202952766360002
1	mixed	9	forward_maximum	9	0	0	0.26046122438011576	4.361563517915309	3.3194302960208972	5.395437262357414
1	mixed	9	reverse_maximum	9	0	0	0.7505598596042389	4.361563517915309	3.3722415784192545	5.395437262357414
1	mixed	9	forward_coverage	9	0	0	4.0	33.0	27.929100529100527	48.0
1	mixed	9	reverse_coverage	9	0	0	3.3333333333333335	36.0	27.938624338624336	59.0
1	mixed	9	forward_normalized_support	9	0	0	0.13796695553969748	11.023624426377626	10.582319610543028	24.65892839829189
1	mixed	9	reverse_normalized_support	9	0	0	0.3889875755840557	11.496452775215287	10.844006143343611	24.65843339367063
1	no changed scored VGNC pair	6542	source_size	6542	0	0	1	1.0	1.9024763069397739	12
1	no changed scored VGNC pair	6542	target_size	6542	0	0	2	50.0	57.94558239070621	230
1	no changed scored VGNC pair	6542	source_seed_families	6542	0	0	1	1.0	1.0	1
1	no changed scored VGNC pair	6542	target_seed_families	6542	0	0	1	5.0	4.503515744420667	6
1	no changed scored VGNC pair	6542	support	6542	0	0	0.030002493839033705	0.18852879205636475	1.7953190868369644	87.85159283627783
1	no changed scored VGNC pair	6542	margin	2913	0	3629	2.000447644678437	2.847777988092183	4.254425922438199	306.18407903511024
1	no changed scored VGNC pair	6542	species_overlap_fraction	6542	0	0	0.0	1.0	0.7011692954791396	1.0
1	no changed scored VGNC pair	6542	forward_hits	6542	0	0	1	5.0	16.16004280036686	418
1	no changed scored VGNC pair	6542	reverse_hits	6542	0	0	1	4.0	14.54983185570162	426
1	no changed scored VGNC pair	6542	forward_average	6542	0	0	0.023091883672725796	0.44732735506583843	0.7266104785384099	5.496153846153846
1	no changed scored VGNC pair	6542	reverse_average	6542	0	0	0.013647049710015876	0.4698591711022645	0.7558860220004773	5.256125356125356
1	no changed scored VGNC pair	6542	forward_maximum	6542	0	0	0.03292355857642539	0.5842508384304477	0.977464653238495	5.530769230769231
1	no changed scored VGNC pair	6542	reverse_maximum	6542	0	0	0.019901174716943516	0.6132882704075375	1.003733687150126	5.530769230769231
1	no changed scored VGNC pair	6542	forward_coverage	6542	0	0	0.5	3.0	8.75931034809818	136.0
1	no changed scored VGNC pair	6542	reverse_coverage	6542	0	0	0.5	3.0	8.275337551388454	139.0
1	no changed scored VGNC pair	6542	forward_normalized_support	6542	0	0	0.030002493839033705	0.2510597171649034	2.1868579503736187	94.848611033702
1	no changed scored VGNC pair	6542	reverse_normalized_support	6542	0	0	0.030045161906777397	0.246499474999003	1.910270032654808	87.85159283627783
