stratum	cell	families	status	F1	PPV	TPR	prediction_semantics
all	p0_c0_r0	18	descriptive	0.689183963152562	0.6439400942516949	0.741266050122766	group_clique
all	p0_c0_r1	18	descriptive	0.7895743339716982	0.9491519661804723	0.6759321953915856	native_pair
all	p0_c1_r0	18	descriptive	0.6857094995663944	0.6087055595840293	0.7850177040241997	group_clique
lower_or_equal_median	p0_c0_r0	9	descriptive	0.6956342118357214	0.6160488230462468	0.7988328935518495	group_clique
lower_or_equal_median	p0_c0_r1	9	descriptive	0.8150802700704519	0.9402218754728465	0.7193378728891293	native_pair
lower_or_equal_median	p0_c1_r0	9	descriptive	0.6831823537190631	0.5705766719164542	0.8511628948378848	group_clique
higher_than_median	p0_c0_r0	9	descriptive	0.6777133338514979	0.6718313654571432	0.6836992066936824	group_clique
higher_than_median	p0_c0_r1	9	descriptive	0.7619879798311704	0.9580820568880978	0.6325265178940419	native_pair
higher_than_median	p0_c1_r0	9	descriptive	0.6809535547355694	0.6468344472516043	0.7188725132105145	group_clique
