regime	length	band	threshold	trials	hits	fraction	adjusted_low	adjusted_high	minimum_integer_score	poisson_model_tail_reference	zero_hit_upper_limit
blosum_background	50	0	1.0	10000	4298	0.4298	0.41272266932289287	0.44699401678686607	19	0.5517044587696127	False
blosum_background	50	0	0.1	10000	473	0.0473	0.04029667370890081	0.055059800035467094	26	0.08319361961879167	False
blosum_background	50	0	0.01	10000	40	0.004	0.0021732200860524755	0.006671663034727588	33	0.009359461222537188	False
blosum_background	50	0	0.001	10000	3	0.0003	1.2224202611277455e-05	0.001465507051278365	41	0.0007407554898841472	False
blosum_background	50	0	0.0001	10000	0	0.0	0.0	0.0008185337308368064	48	8.022225557575154e-05	True
blosum_background	50	64	1.0	10000	4298	0.4298	0.41272266932289287	0.44699401678686607	19	0.5517044587696127	False
blosum_background	50	64	0.1	10000	473	0.0473	0.04029667370890081	0.055059800035467094	26	0.08319361961879167	False
blosum_background	50	64	0.01	10000	40	0.004	0.0021732200860524755	0.006671663034727588	33	0.009359461222537188	False
blosum_background	50	64	0.001	10000	3	0.0003	1.2224202611277455e-05	0.001465507051278365	41	0.0007407554898841472	False
blosum_background	50	64	0.0001	10000	0	0.0	0.0	0.0008185337308368064	48	8.022225557575154e-05	True
blosum_background	150	0	1.0	10000	4793	0.4793	0.4620254439326899	0.4966089622409174	26	0.542386694566767	False
blosum_background	150	0	0.1	10000	648	0.0648	0.05661289355738999	0.07371342566511756	33	0.08114948087318218	False
blosum_background	150	0	0.01	10000	91	0.0091	0.006173676588865348	0.012855362803558338	40	0.009120573408203828	False
blosum_background	150	0	0.001	10000	11	0.0011	0.0002982687090666462	0.0027669085901362318	47	0.0009914512081501815	False
blosum_background	150	0	0.0001	10000	2	0.0002	2.3758600557671324e-06	0.001273485131589244	55	7.816536004002123e-05	False
blosum_background	150	64	1.0	10000	3792	0.3792	0.3625049053883423	0.39609590441279363	26	0.542386694566767	False
blosum_background	150	64	0.1	10000	497	0.0497	0.04252065550082259	0.05763164945239482	33	0.08114948087318218	False
blosum_background	150	64	0.01	10000	79	0.0079	0.005196050184782662	0.011436097645593552	40	0.009120573408203828	False
blosum_background	150	64	0.001	10000	10	0.001	0.00025013059766998473	0.0026164284946090287	47	0.0009914512081501815	False
blosum_background	150	64	0.0001	10000	1	0.0001	2.7781637182401167e-08	0.001063830087929351	55	7.816536004002123e-05	False
blosum_background	400	0	1.0	10000	5703	0.5703	0.5531063897121178	0.5873767579451804	32	0.5625553150950923	False
blosum_background	400	0	0.1	10000	946	0.0946	0.08478422482396505	0.10509150662907518	39	0.08562239642045745	False
blosum_background	400	0	0.01	10000	118	0.0118	0.008422681515556193	0.015999979735949056	46	0.009643917890879762	False
blosum_background	400	0	0.001	10000	7	0.0007	0.00012207823227678967	0.002149305656777179	54	0.0007633696375602641	False
blosum_background	400	0	0.0001	10000	0	0.0	0.0	0.0008185337308368064	61	8.267215410928056e-05	True
blosum_background	400	64	1.0	10000	2279	0.2279	0.21359789422575876	0.24265471998994215	32	0.5625553150950923	False
blosum_background	400	64	0.1	10000	329	0.0329	0.02707816303464176	0.039503707302964805	39	0.08562239642045745	False
blosum_background	400	64	0.01	10000	37	0.0037	0.0019559901811980174	0.0062902042855890235	46	0.009643917890879762	False
blosum_background	400	64	0.001	10000	3	0.0003	1.2224202611277455e-05	0.001465507051278365	54	0.0007633696375602641	False
blosum_background	400	64	0.0001	10000	0	0.0	0.0	0.0008185337308368064	61	8.267215410928056e-05	True
uniform	50	0	1.0	10000	6568	0.6568	0.6402333409712289	0.6731059815262096	19	0.5517044587696127	False
uniform	50	0	0.1	10000	1230	0.123	0.11192628436224673	0.13470164768665338	26	0.08319361961879167	False
uniform	50	0	0.01	10000	178	0.0178	0.013582227377270146	0.02282785602939137	33	0.009359461222537188	False
uniform	50	0	0.001	10000	11	0.0011	0.0002982687090666462	0.0027669085901362318	41	0.0007407554898841472	False
uniform	50	0	0.0001	10000	1	0.0001	2.7781637182401167e-08	0.001063830087929351	48	8.022225557575154e-05	False
uniform	50	64	1.0	10000	6568	0.6568	0.6402333409712289	0.6731059815262096	19	0.5517044587696127	False
uniform	50	64	0.1	10000	1230	0.123	0.11192628436224673	0.13470164768665338	26	0.08319361961879167	False
uniform	50	64	0.01	10000	178	0.0178	0.013582227377270146	0.02282785602939137	33	0.009359461222537188	False
uniform	50	64	0.001	10000	11	0.0011	0.0002982687090666462	0.0027669085901362318	41	0.0007407554898841472	False
uniform	50	64	0.0001	10000	1	0.0001	2.7781637182401167e-08	0.001063830087929351	48	8.022225557575154e-05	False
uniform	150	0	1.0	10000	7935	0.7935	0.7792340471214623	0.8072776571361848	26	0.542386694566767	False
uniform	150	0	0.1	10000	2100	0.21	0.19613266505081453	0.22434979302208094	33	0.08114948087318218	False
uniform	150	0	0.01	10000	345	0.0345	0.02853421914144546	0.04124478563868258	40	0.009120573408203828	False
uniform	150	0	0.001	10000	53	0.0053	0.0031460831901475	0.008293870805652408	47	0.0009914512081501815	False
uniform	150	0	0.0001	10000	7	0.0007	0.00012207823227678967	0.002149305656777179	55	7.816536004002123e-05	False
uniform	150	64	1.0	10000	6755	0.6755	0.6591451503591412	0.6915630662791971	26	0.542386694566767	False
uniform	150	64	0.1	10000	1568	0.1568	0.1444845519550125	0.1696867485227497	33	0.08114948087318218	False
uniform	150	64	0.01	10000	247	0.0247	0.019683929378940056	0.030512916860814344	40	0.009120573408203828	False
uniform	150	64	0.001	10000	39	0.0039	0.0021004553357943526	0.006544855763334379	47	0.0009914512081501815	False
uniform	150	64	0.0001	10000	5	0.0005	5.553505795248234e-05	0.0018195517267067275	55	7.816536004002123e-05	False
uniform	400	0	1.0	10000	9101	0.9101	0.8998329701299893	0.9196833579846146	32	0.5625553150950923	False
uniform	400	0	0.1	10000	3137	0.3137	0.29779053865885324	0.32991921262459556	39	0.08562239642045745	False
uniform	400	0	0.01	10000	571	0.0571	0.04940707347448004	0.0655324517239968	46	0.009643917890879762	False
uniform	400	0	0.001	10000	76	0.0076	0.004954279039003028	0.011078683165373785	54	0.0007633696375602641	False
uniform	400	0	0.0001	10000	12	0.0012	0.00034856974625655955	0.002915323434226079	61	8.267215410928056e-05	False
uniform	400	64	1.0	10000	5344	0.5344	0.517105738949574	0.5516370832913313	32	0.5625553150950923	False
uniform	400	64	0.1	10000	1065	0.1065	0.09612869140145391	0.11752697843158177	39	0.08562239642045745	False
uniform	400	64	0.01	10000	184	0.0184	0.014106950308977219	0.023501945013323366	46	0.009643917890879762	False
uniform	400	64	0.001	10000	27	0.0027	0.0012592890919369817	0.004992047508377422	54	0.0007633696375602641	False
uniform	400	64	0.0001	10000	3	0.0003	1.2224202611277455e-05	0.001465507051278365	61	8.267215410928056e-05	False
half_glutamine	50	0	1.0	10000	10000	1.0	0.9991814662691632	1.0	19	0.5517044587696127	False
half_glutamine	50	0	0.1	10000	9999	0.9999	0.9989361699120707	0.9999999722183628	26	0.08319361961879167	False
half_glutamine	50	0	0.01	10000	9968	0.9968	0.9943531514566034	0.9983982576815654	33	0.009359461222537188	False
half_glutamine	50	0	0.001	10000	9695	0.9695	0.963115261897105	0.975098540109744	41	0.0007407554898841472	False
half_glutamine	50	0	0.0001	10000	8983	0.8983	0.8874836359508917	0.9084526088292025	48	8.022225557575154e-05	False
half_glutamine	50	64	1.0	10000	10000	1.0	0.9991814662691632	1.0	19	0.5517044587696127	False
half_glutamine	50	64	0.1	10000	9999	0.9999	0.9989361699120707	0.9999999722183628	26	0.08319361961879167	False
half_glutamine	50	64	0.01	10000	9968	0.9968	0.9943531514566034	0.9983982576815654	33	0.009359461222537188	False
half_glutamine	50	64	0.001	10000	9695	0.9695	0.963115261897105	0.975098540109744	41	0.0007407554898841472	False
half_glutamine	50	64	0.0001	10000	8983	0.8983	0.8874836359508917	0.9084526088292025	48	8.022225557575154e-05	False
half_glutamine	150	0	1.0	10000	10000	1.0	0.9991814662691632	1.0	26	0.542386694566767	False
half_glutamine	150	0	0.1	10000	10000	1.0	0.9991814662691632	1.0	33	0.08114948087318218	False
half_glutamine	150	0	0.01	10000	10000	1.0	0.9991814662691632	1.0	40	0.009120573408203828	False
half_glutamine	150	0	0.001	10000	10000	1.0	0.9991814662691632	1.0	47	0.0009914512081501815	False
half_glutamine	150	0	0.0001	10000	10000	1.0	0.9991814662691632	1.0	55	7.816536004002123e-05	False
half_glutamine	150	64	1.0	10000	10000	1.0	0.9991814662691632	1.0	26	0.542386694566767	False
half_glutamine	150	64	0.1	10000	10000	1.0	0.9991814662691632	1.0	33	0.08114948087318218	False
half_glutamine	150	64	0.01	10000	10000	1.0	0.9991814662691632	1.0	40	0.009120573408203828	False
half_glutamine	150	64	0.001	10000	10000	1.0	0.9991814662691632	1.0	47	0.0009914512081501815	False
half_glutamine	150	64	0.0001	10000	10000	1.0	0.9991814662691632	1.0	55	7.816536004002123e-05	False
half_glutamine	400	0	1.0	10000	10000	1.0	0.9991814662691632	1.0	32	0.5625553150950923	False
half_glutamine	400	0	0.1	10000	10000	1.0	0.9991814662691632	1.0	39	0.08562239642045745	False
half_glutamine	400	0	0.01	10000	10000	1.0	0.9991814662691632	1.0	46	0.009643917890879762	False
half_glutamine	400	0	0.001	10000	10000	1.0	0.9991814662691632	1.0	54	0.0007633696375602641	False
half_glutamine	400	0	0.0001	10000	10000	1.0	0.9991814662691632	1.0	61	8.267215410928056e-05	False
half_glutamine	400	64	1.0	10000	10000	1.0	0.9991814662691632	1.0	32	0.5625553150950923	False
half_glutamine	400	64	0.1	10000	10000	1.0	0.9991814662691632	1.0	39	0.08562239642045745	False
half_glutamine	400	64	0.01	10000	10000	1.0	0.9991814662691632	1.0	46	0.009643917890879762	False
half_glutamine	400	64	0.001	10000	10000	1.0	0.9991814662691632	1.0	54	0.0007633696375602641	False
half_glutamine	400	64	0.0001	10000	10000	1.0	0.9991814662691632	1.0	61	8.267215410928056e-05	False
