cell	endpoint	statistic	value
p0_c0_r0	VGNC	F1	0.6668335335736216
p0_c0_r0	SwissTrees	F1	0.6891839606644314
p0_c0_r0	TreeFam-A	F1	0.6054035649224192
p0_c0_r0	GO	similarity	0.47211905
p0_c0_r0	EC	similarity	0.93211406
p0_c0_r0	FAS	similarity	0.7749447305326528
p0_c0_r1	VGNC	F1	0.8981845792779735
p0_c0_r1	SwissTrees	F1	0.7895743384374164
p0_c0_r1	TreeFam-A	F1	0.6025078294438428
p0_c0_r1	GO	similarity	0.49025964
p0_c0_r1	EC	similarity	0.96770222
p0_c0_r1	FAS	similarity	0.7850068177983054
p0_c1_r0	VGNC	F1	0.6474454783600919
p0_c1_r0	SwissTrees	F1	0.6857094982951092
p0_c1_r0	TreeFam-A	F1	0.633663907166237
p0_c1_r0	GO	similarity	0.47053999
p0_c1_r0	EC	similarity	0.92062409
p0_c1_r0	FAS	similarity	0.7503031363650162
p1_c0_r1	VGNC	F1	0.8969805845367236
p1_c0_r1	SwissTrees	F1	0.7863721859036304
p1_c0_r1	TreeFam-A	F1	0.6014677637051308
p1_c0_r1	GO	similarity	0.49040899
p1_c0_r1	EC	similarity	0.96758244
p1_c0_r1	FAS	similarity	0.7850143560591333
