contrast	metric	difference_pp	nominal_low_pp	nominal_high_pp	adjusted_low_pp	adjusted_high_pp
C_at_P0_R0	F1	-0.3474463586167653	-3.332692187167786	1.9550546574008465	-5.816832227763775	3.309050538534545
C_at_P0_R0	PPV	-3.5234534667665574	-7.426533776249119	-0.29144204212260244	-10.229611592364943	0.3739793780039674
C_at_P0_R0	TPR	4.375165390143354	2.1006384381816012	6.872093323419668	0.9401114377106334	8.68871792842659
R_at_P0_C0	F1	10.039037081913616	1.1741304339520306	18.90787299941449	-4.641773414031378	24.41989901765022
R_at_P0_C0	PPV	30.52118719287774	20.516444283075177	40.48338422829203	14.325178402419914	46.54725816264042
R_at_P0_C0	TPR	-6.533385473118047	-13.074768252024638	-1.4454553266346815	-18.041319033411447	-0.0435927587689791
P_at_C0_R1	F1	-0.3202152301412631	-1.2564792067033685	0.26236547167006474	-2.1128862394994243	0.5132269324710426
P_at_C0_R1	PPV	-0.010056004208058855	-0.7936507936507908	0.7634827810266365	-1.3227513227513144	1.2724713017110645
P_at_C0_R1	TPR	-0.462962962962965	-1.388888888888895	0.0	-2.314814814814814	0.0
